series,tp,bn,cs,gs
ATSION,0,0,0,1
BAIRSPRING,0,0,1,0
BARNEYCREEK,0,0,1,1
BURNT FORK,0,0,1,0
CASVILLE,0,0,1,1
CERES,0,0,0,1
EDDINGS,0,0,1,1
FUQUAY,0,0,1,1
GREENDALE,0,0,1,1
HARTBENCH,0,0,1,0
HIGHWOOD,0,1,1,0
HUMAREL,0,0,1,0
HURLOCK,0,0,0,1
INGLESIDE,0,0,1,1
LA POSTA,0,0,0,1
MANNIXLEE,0,0,1,0
MELVILLE,0,0,1,0
PEMBERTON,0,0,1,1
PICKNEY,0,0,1,1
QUEPONCO,0,0,1,1
COWCAMP,0,0,1,1
DAPPLEGRAY,0,0,0,1
DOUGHTY,0,0,1,1
SEABOLDT,0,0,1,1
SIMODA,0,0,1,1
STONEVILLE,0,0,1,1
STUTLER,0,0,1,1
TENT,0,0,1,1
TILSIT,0,0,1,1
TONCANA,0,0,0,1
TUSKAHOMA,1,0,1,1
VELOW,1,0,1,1
DANKO,0,0,0,1
DANRIPPLE,0,0,1,1
BASCOM,0,0,0,1
BEANCREEK,0,0,1,0
DANSKIN,0,0,0,1
LIHEN,0,0,1,1
NISHON,0,0,0,1
STECUM,0,0,0,1
BEARPAW,0,0,1,1
ICECAP,0,0,1,1
INMACHUK,0,0,0,1
LAWARD,0,0,0,1
LONGMIRE,0,0,1,1
OBRAST,0,0,0,1
KLUTUK,0,0,0,1
LIART,0,0,0,1
MOOLACK,0,0,1,0
OWYHIGH,0,0,1,1
EVESBORO,0,0,1,1
PONIL,0,0,0,1
GHOST,0,0,1,1
WEARYRIVER,0,0,1,1
MARIEL,0,0,1,1
NUTMEG,0,0,1,0
TRANSQUAKING,0,0,1,1
REMBERT,0,0,0,1
FORBORD,0,0,0,1
ACCOLA,0,0,1,0
ACEL,0,0,1,1
BAGGS,0,0,0,1
BAINVILLE,0,0,1,1
FORELEFT,0,0,1,1
MAHOGANY,0,0,1,0
FORDPRAIRIE,0,0,1,1
ABOR,0,0,1,1
KARNAK,0,0,1,0
KASHWITNA,0,0,0,1
HATCH,0,0,0,1
CALAWAH,0,0,0,1
BRIDGERTON,0,0,1,0
ABSAROKEE,0,0,1,0
ABSAY,0,0,1,0
ABSHER,0,0,0,1
ACOVE,0,0,1,0
ACQUANGO,0,0,0,1
ACREDALE,0,0,1,1
ADIT,0,0,0,1
ADAMSTOWN,0,0,1,1
ADDERTON,0,0,1,0
ADEL,0,0,1,0
ADELPHIA,0,0,1,1
ADGER,0,0,0,1
AERIE,0,0,0,1
ALKALICREEK,0,0,1,0
AHRNKLIN,0,0,0,1
AILEY,0,0,1,1
ANACONDA,0,0,1,1
AKBASH,0,0,1,0
BARKOF,0,0,1,1
ALBANY,0,0,1,1
ALBERTON,0,0,0,1
ALBICALIS,0,0,0,1
ANGORA,0,0,0,1
ALDER,0,0,1,1
ALECANYON,0,0,1,1
ALEKNAGIK,0,0,0,1
ALEX,0,0,0,1
ALEXANDER,0,0,1,0
ALIKCHI,0,0,0,1
ALLEGHENY,0,0,1,1
ALLENTINE,0,0,0,1
ALLOWAY,0,0,1,1
ARSITE,0,0,1,1
ALOHA,0,0,0,1
ALONA,0,0,0,1
ALTAVISTA,0,0,1,1
ALZADA,0,0,1,1
AMALIA,0,0,1,0
AMBRANT,0,0,1,1
AMBROSECREEK,0,0,1,0
AMESHA,0,0,1,0
AMHERST,0,0,0,1
AMSTERDAM,0,0,1,1
APPOQUINIMINK,0,0,1,1
ANAMAC,0,0,1,0
ANCENEY,0,0,0,1
ANCHO,0,0,0,1
ANCHOR BAY,0,0,1,1
ANIAK,0,0,0,1
ANNAPOLIS,0,0,0,1
ANNEMESSEX,0,0,1,1
ANNIESDRAW,0,0,1,0
ANNIS,0,0,0,1
ANTELOPEPEAK,0,0,1,1
ANTHON,0,0,0,1
ANTWERP,0,0,1,1
APPANOOSE,0,0,1,0
APPOMATTOX,0,0,0,1
APTOS,0,0,1,0
AQUASCO,0,0,1,1
AQUATNA,0,0,0,1
ARAHUSTAN,0,0,1,1
ARAPAHOE,0,0,0,1
ARBOLADO,0,0,0,1
ARBOR,0,0,1,1
DECK,0,0,1,1
ARCETTE,0,0,1,0
ARCTANDER,0,0,0,1
ARGIROCKER,0,0,1,1
ARGORA,0,0,1,0
ARIEL,1,0,0,0
ARLEN,0,0,0,1
ARMELLS,0,0,0,1
ARMINGTON,0,0,0,1
ARMITAGE,0,0,0,1
ARROD,0,0,0,1
ARROWPEAK,0,0,1,0
ASCHOFF,0,0,1,1
ASHBON,0,0,0,1
ASHBRAY,0,0,0,1
ASHLO,0,0,1,0
ASHNOLA,0,0,1,0
ASKECKSY,0,0,0,1
ASSINNIBOINE,0,0,1,0
ATHENA,0,0,1,1
ATOMIC,0,1,0,0
AUCHARD,0,0,1,0
AUGGIE,0,0,0,1
AUGUSTA,0,0,1,1
BALLINGER,0,0,0,1
AUREOLA,0,0,1,1
AUTRYVILLE,0,0,1,1
AVENT,0,0,1,0
AWBRIG,0,0,1,1
AXTELL,0,0,1,0
AYERSVILLE,0,0,1,1
AZUVINA,0,0,1,1
BABB,0,0,1,0
BABOON,0,0,1,0
BACKROAD,0,0,0,1
BACOBI,0,1,0,0
BALD,0,0,0,1
BARANOF,0,0,0,1
BALE,0,0,0,1
BALLONA,0,0,0,1
BALLOONTREE,0,0,0,1
BANISTER,0,0,1,1
BANNERTOWN,0,0,0,1
BARBARELA,0,0,1,0
BARBOUR,0,1,0,0
BARCLAY,0,0,0,1
BARFUSS,0,0,1,0
BARGEVILLE,0,0,1,0
BARKERS CROSSROADS,0,0,1,1
BARNWELL,0,0,1,1
CLACKAMAS,0,0,1,1
BARZEE,0,0,0,1
BASCOVY,0,0,0,1
BASHAW,0,0,1,1
BASHER,0,1,0,0
BASINCREEK,0,0,0,1
BATA,0,0,0,1
BATTLEAX,0,0,1,1
BATTLEBUTTE,0,0,0,1
BATZA,0,0,1,1
BAVDARK,0,0,1,0
BAXENDALE,0,0,1,1
BAYBORO,0,0,0,1
BEACHCANYON,0,0,1,0
BEALAND,0,1,0,0
BEANLAKE,0,0,0,1
BEAR CREEK,0,0,1,0
BEARKNOB,0,0,1,1
BEARPAWMEADOW,0,0,1,1
BEARTOOTH,0,0,0,1
BEAUVAIS,0,0,0,1
BEAVERDUMP,0,0,0,1
BEAVERELL,0,0,1,0
BEAVERFLAT,0,0,1,1
BEAVERIDGE,0,0,1,0
BEAVERTON,0,0,0,1
BEAVOE,0,0,1,0
BEAVROCK,0,0,1,0
BEAVWAN,0,0,1,0
BECKLEY,0,1,0,0
BEECH,0,0,1,1
BEECHCREEK,0,0,1,0
BEEFTRAIL,0,0,0,1
BEEHIVE,0,0,0,1
BEEK,0,0,0,1
BELAIN,0,0,1,0
BEENOM,0,0,1,0
BEESKOVE,0,0,0,1
BEIGLE,0,0,0,1
BELHAVEN,0,0,1,1
BELLE,0,0,1,0
COYOTEFLATS,0,0,0,1
BELLSPUR,0,0,0,1
BELLTOWER,0,0,1,1
BIGDRAW,0,0,0,1
BELTON,0,0,0,1
BELTSVILLE,0,0,1,1
CROOM,0,0,0,1
BEMISHAVE,0,0,0,1
BENDOH,0,0,1,0
BENTLEY,0,0,1,1
BENZ,0,0,1,1
BERENICETON,0,0,0,1
BERNICE,0,0,0,1
BERRAY,0,0,0,1
BERRYLAND,0,0,0,1
BERTAG,0,0,0,1
BERTIE,0,0,1,1
BESTPITCH,0,0,0,1
BETHESDA,0,0,1,1
BETTERAVIA,0,0,0,1
BEW,0,0,0,1
BICKERDYKE,0,0,1,1
BICKMORE,0,0,1,0
BIELENBERG,0,0,1,1
BIG TIMBER,0,0,1,1
BIGARM,0,0,1,0
BIGBEAR,0,0,1,1
BIGBEAVER,0,0,0,1
BIGCOULEE,0,1,0,0
BIGCOW,0,0,1,1
BIGELK,0,0,1,1
BIGLAKE,0,0,0,1
BIGMOW,0,0,0,1
BIGNELL,0,0,1,0
BIGRANT,0,1,0,0
BIGSAG,0,0,1,1
BIGSHEEP,0,0,1,0
BIGTOP,0,0,1,0
BILLMAN,0,0,0,1
BILLYCANYON,0,0,1,0
BIRCHFIELD,0,0,0,1
BIRNEY,0,0,0,1
BISCAILUZ,0,0,0,1
BISCOE,0,0,1,1
BITTON,0,0,0,1
BLACKARN,0,0,1,1
BLACKBEAR,0,0,1,0
BLACKCREEK,0,0,0,1
BLACKDOG,0,0,0,1
BLACKGULCH,0,0,0,1
BLACKHAMMER,0,0,1,1
BLACKHOOF,0,0,0,1
BLAND,0,0,0,1
BLACKLEAF,0,0,1,0
BLACKLOUP,0,0,1,1
BLACKMORE,0,0,1,1
BLACKWATER,0,0,1,1
BLACKWOOD,0,0,1,1
BLAINCREEK,0,0,1,0
BLAINE,0,0,1,0
BLANCHARD,0,0,1,1
BLANCHE,0,0,1,1
BLANDBURG,0,0,0,1
BLANDING,0,1,0,0
BLANEY,0,0,0,1
BLER,0,0,1,1
BLEWETT,0,0,0,1
BLOOMINGTON,0,0,1,0
BLOSSBERG,0,0,1,0
BLOWOUT,0,0,0,1
BLUERIM,0,0,0,1
BLUFFDALE,0,0,0,1
BLYTHE,0,0,0,1
BOATMAN,0,0,1,0
BOBKITTY,0,0,0,1
BODELL,0,0,0,1
BODENBURG,0,0,0,1
BODOT,0,0,1,0
BOEL,0,0,0,1
BOHICA,0,0,0,1
BOHNLY,0,0,0,1
BOJAC,0,0,1,1
BOLACK,0,0,0,1
BOLONY,0,0,1,1
BONAPARTE,0,1,0,0
BONDFARM,0,0,0,1
BONDOE,0,0,0,1
BONDRANCH,0,0,0,1
BONFRI,0,0,1,1
BONNASH,0,0,0,1
BONNEAU,0,0,1,1
BORKY,0,0,0,1
BOULDER POINT,0,0,1,1
BOULOGNE,0,0,1,1
BOWDOIN,0,0,0,1
BOWMAN,0,0,0,1
BOXWELL,0,0,1,1
BOYSAG,0,1,0,0
BRADSHAW,0,0,0,1
BRANHAM,0,0,1,0
EAGLENEST,0,0,1,0
BRAZIEL,0,0,1,0
BREETON,0,0,1,0
BRIGGSRANCH,0,0,1,0
BREITENBACH,0,1,0,0
BREVCO,0,0,1,1
BRIDGEFORE,0,0,1,0
BRIDGER,0,0,1,0
BRIDGEWATER,0,0,1,1
BRINCKEN,0,0,0,1
BRISTON,0,0,1,1
BROADKILL,0,0,0,1
BROADUS,0,0,1,1
BROBACK,0,0,1,0
BROCKATONORTON,0,0,0,1
BROCKWAY,0,0,1,0
BRODIE,0,0,1,0
BRODYK,0,0,0,1
BRONTE,0,0,0,1
BROWDER,0,0,1,1
BRUNELDA,0,0,1,1
BRUSHFIRE,0,0,1,0
BRUSHTON,0,0,1,1
BURRFOOT,0,0,0,1
BUCKLEY,0,0,0,1
BUCKLOAF,0,0,1,0
BUDDTOWN,0,0,1,1
BUELL,0,0,0,1
BUFFSTAT,0,0,1,1
ELKTON,0,0,1,1
BUGLEY,0,0,0,1
BUIST,0,0,1,0
BULGAR,0,0,0,1
BUSH RIVER,0,0,1,1
BULLCREEK,0,0,0,1
BULLFLAT,0,0,0,1
BULLHOOK,0,0,0,1
CABELL,0,0,1,1
BYCRACKY,0,0,0,1
BULLNEL,0,0,0,1
BULLREY,0,0,1,0
BULLTOP,0,0,1,0
BUNTING,0,1,0,0
BURGERBUTTE,0,0,1,0
BURGI,0,0,0,1
ENOCHVILLE,0,0,1,1
BURGRAFF,0,0,0,1
BURNEL,0,0,1,1
BURNETTE,0,0,1,0
BURROUGHS,0,0,1,1
BUSBY,0,0,0,1
BUSHONG,0,0,0,1
BUTLERTOWN,0,0,0,1
BUTTERS,0,0,1,1
CABBA,0,0,0,1
CABINCREEK,0,0,1,1
CADENZA,0,0,1,1
CADOTTE,0,0,1,1
CALDWELL,0,0,1,1
CALERA,0,0,1,1
CALPET,0,0,1,0
CAMBERT,0,0,1,1
CAMBETH,0,0,1,1
CAMEO,0,0,1,0
CAMPSPASS,0,0,0,1
CANAAN VALLEY,0,0,1,1
CANARWAY,0,0,1,0
CANDOR,0,0,0,1
CANEZ,0,0,0,1
CANTHOOK,0,0,1,0
CANWALL,0,0,0,1
CAPE FEAR,0,0,0,1
CAPE LOOKOUT,0,0,0,1
CARAMON,0,0,1,1
CARBON,0,0,0,1
CARDOVA,0,0,0,1
CARDWELL,0,0,0,1
CARETT,0,0,0,1
CARFALL,0,0,1,1
CARMICHAEL,0,0,1,1
CARRACAS,0,0,1,0
CARROLLTON,0,0,1,0
CARTEN,0,0,1,1
CASCADIA,0,0,1,1
CASEYCREEK,0,0,1,1
CASTLE,0,0,0,1
CATASKA,0,0,1,1
CATDRAW,0,0,1,0
CATEACHE,0,0,1,1
CATHARPIN,0,0,0,1
CATLINSPRINGS,0,0,1,0
CAVAL,0,1,0,0
CEDARCREEK,0,0,1,1
CEDARPASS,0,0,1,0
CEDRIC,0,0,0,1
CENTENARY,0,0,1,1
CENTERFIELD,0,0,0,1
CENTINELA,0,0,0,1
CENTRALIA,0,0,1,1
CESTNIK,0,0,0,1
CETRACK,0,0,1,1
CHAMATE,0,0,1,1
CHANTILLY,0,0,1,1
CHAPANOKE,0,0,1,1
CHARCOL,0,0,0,1
CHASTAIN,0,0,0,1
CHAVIES,0,0,1,1
CHEADLE,0,0,1,0
CHEEBE,0,0,1,0
CHEHALIS,0,0,0,1
CHENUIS,0,0,1,1
CHEREETE,0,0,1,0
CHERRYHILL,0,0,0,1
CHESAPEAKE,0,0,1,1
CHESTNUT,0,0,1,1
CHETCO,0,0,1,0
CHEWACLA,0,0,1,0
CHICHAGOF,0,0,0,1
CHICKAMAN,0,0,0,1
CHICKENHILL,0,0,1,0
CHICKENRIDGE,0,0,0,1
CHICONE,0,0,0,1
COOSAW,0,0,1,1
CHILLIGAN,0,0,0,1
CHILLUM,0,0,1,1
CHINATOWN,0,0,1,0
CHIPMAN,0,0,1,0
CHIPPY,0,0,1,0
CLARENDON,0,0,0,1
CHIPS,0,0,1,1
CLYMER,0,0,1,1
CHISOLM,0,0,0,1
CHRISTIANA,0,0,0,1
CHRISTY,0,0,1,1
CHUCKSNEY,0,0,0,1
CHURCH,0,0,0,1
CITADEL,0,0,0,1
CITIVAR,0,0,0,1
CLANCY,0,0,0,1
CLASOIL,0,0,1,0
CLARENA,0,0,0,1
CLARK FORK,0,0,1,0
CLARKSBURG,0,0,1,1
COMAD,0,0,1,0
CLARKSTONE,0,0,0,1
CLEARCREEK,0,0,0,1
CLIFFORD,0,0,1,1
CLIFFTOP,0,0,1,1
COFFIN,0,0,1,0
CLOVER,0,0,1,1
COALVALE,0,0,0,1
COBBLANK,0,0,0,1
COBEN,0,0,1,1
COBEY,0,0,1,1
COLTS NECK,0,0,1,1
COBURG,0,0,1,1
COCOLALLA,0,0,1,1
COEROCK,0,0,0,1
COILS,1,0,0,0
COLAKE,0,0,1,0
COLEMANTOWN,0,0,0,1
COLESCREEK,0,0,0,1
COLLINGTON,0,0,1,1
COLLINSTON,0,0,1,0
COLMOR,0,0,0,1
COMET,0,0,0,1
COMETCRIK,0,0,0,1
COMMISSARY,0,0,1,0
COMO,0,0,1,0
CONABY,0,0,0,1
CONETOE,0,0,1,0
CONN,0,0,1,0
CONNAH,0,0,1,1
CONNET,0,0,0,1
CONPEAK,0,0,0,1
CONSER,0,0,1,1
CONWAYCREEK,0,0,1,0
COOCREEK,0,0,1,1
COOERS,0,0,1,1
COOKCREEK,0,0,1,1
COOKSON,0,1,0,0
COOLCAMP,0,0,1,1
COPENHAVER,0,0,1,0
CORA,0,0,1,1
CORBLY,0,0,0,1
CORDESTON,0,0,1,0
COROZAL,0,0,0,1
CORWITH,0,0,1,1
COSHOCTON,0,0,1,1
COSTILLA,0,0,1,0
COTAY,0,0,1,1
COUGARROCK,0,0,1,1
COUNTERFEIT,0,0,0,1
COURTNEY,0,0,0,1
COURVASH,0,0,0,1
COVELLO,0,0,0,1
COVILLE,0,0,0,1
COWCOULEE,0,1,0,0
COWEE,0,0,1,1
COWOOD,0,0,1,0
COXVILLE,0,0,1,1
COYOTEBLUFF,0,0,1,1
COZBERG,0,0,1,0
CRADDOCK,0,0,1,0
CRAGO,0,0,1,1
CRAWFORDVILLE,0,0,1,1
CREED,0,0,1,1
CREIGHTON,0,0,0,1
CRITTENDEN,0,0,1,0
CROSIADORE,0,0,1,1
CROSSNORE,0,0,1,1
CUEVOLAND,0,0,0,1
CROXELL,0,0,1,0
CRUICKSHANK,0,0,0,1
CRYDESTON,0,0,1,1
CUDDIGAN,0,0,1,0
CUJOB,0,0,0,1
CUMBERSTONE,0,0,1,1
CUNDICK,0,0,1,0
CUNIFF,0,0,1,1
CURANT,0,0,0,1
CUTSHIN,0,0,1,1
DAILEY,0,0,1,1
DALYS,0,0,1,0
DAMPE,0,0,1,0
DAN RIVER,0,0,0,1
DANAHER,0,0,0,1
DANVERS,0,0,1,1
DARBONNE,0,0,1,0
DARDRY,0,0,0,1
DARRET,0,0,1,0
DEMAS,0,0,0,1
DASHER,0,0,1,1
DAST,0,0,0,1
DAVIDELL,0,0,1,1
DAVIE,0,0,0,1
DAVISCREEK,0,0,0,1
DEACON,0,0,0,1
DEALE,0,0,1,1
DEBONE,0,0,0,1
DEGNER,0,0,0,1
DEGRAND,0,0,1,1
DELETTE,0,0,1,1
DELEZENE,0,0,0,1
DELILA,0,0,1,1
DELOSS,0,0,0,1
DELYNDIA,0,0,0,1
DEMONA,0,0,0,1
DENEKA,0,0,0,1
DENISON,0,0,0,1
DENNISVILLE,0,0,1,1
DENO,0,0,0,1
DENVACA,0,1,0,0
DEPORT,0,0,0,1
DEPTFORD,0,0,1,1
DES MOINES,0,1,0,0
ELLOAM,0,0,1,1
DESCOT,0,0,0,1
DESIOUX,0,1,0,0
DEUCE,0,1,0,0
DEVILFENCE,0,0,0,1
DEVILLE,0,0,0,1
DEVOTION,0,0,1,1
DEWBERRY,0,0,1,1
DIANA MILLS,0,0,1,1
DONALD,0,0,1,0
DIGIT,0,0,1,0
DILLON,0,0,1,0
DIMYAW,0,0,0,1
DINUBA,0,0,1,0
DINZER,0,0,0,1
DIRTYHEAD,0,0,1,0
DISAPPOINT,0,0,0,1
DISTERHEFF,0,1,0,0
DITNEY,0,0,1,1
DIX,0,0,1,1
DOBY,0,0,0,1
DOCENA,1,0,1,1
DODON,0,0,1,1
DOGLAKE,0,0,0,1
DOGUE,0,0,1,1
DOLLARLAKE,0,0,0,1
DOLUS,0,0,1,1
DOMINIC,0,0,1,0
DONEY,0,0,0,1
DOOLITTLE,0,0,1,1
DORIAN,0,0,1,1
DOUGCLIFF,0,0,1,1
DORMONT,0,0,1,1
DOUBLETOP,0,0,1,1
DOWNER,0,0,1,1
DOWNEYGULCH,0,0,1,1
DRAGE,0,0,1,0
DRAGSTON,0,0,0,1
DRAPERMILL,0,0,1,1
DREDGE,0,1,0,0
DUCKBOTTOM,0,1,0,1
DRYFORK,0,0,1,1
DRYGULCH,0,0,1,0
DRYPOK,0,0,1,0
DRYWOLF,0,1,0,0
DUBAY,0,0,0,1
DUCKCREEK,0,0,1,0
DUCKLAKE,0,0,1,1
DUCKTAIL,0,0,1,0
DUFUR,0,0,0,1
DULA,0,0,1,0
DULUTH,0,0,0,1
DURREO,0,0,1,1
DURSTON,0,0,1,0
DUTCHDAN,0,0,1,0
DUTTON,0,0,0,1
EASTLAKESBASIN,0,0,0,1
DYCE,0,0,1,1
DYRENG,0,0,0,1
EAGAR,0,1,0,0
EAGLECREEK,0,0,0,1
EAGLETON,0,0,1,1
EASTHAMLET,0,0,0,1
ECHAW,0,0,1,0
EDGAR,0,0,0,1
EDGWAY,0,0,1,0
EDNEYVILLE,0,0,1,1
EINE,0,0,0,1
EKAH,0,0,1,1
EKUK,0,0,0,1
EKVIK,0,0,1,0
EKWOK,0,0,0,1
EL PECO,0,0,0,1
ELAM,0,0,1,0
ELBUCK,0,0,1,0
ELD,0,0,1,1
ELDERON,0,0,0,1
ELFLINT,0,0,0,1
ELISPRING,0,0,1,0
ELKPEAK,0,0,1,0
ELKROCK,0,0,0,1
ELLISTON,0,0,0,1
ELMA,0,0,0,1
ELMARK,0,0,0,1
ELMENWOOD,0,1,0,0
ELMIRA,0,0,1,0
ELSALADO,0,0,0,1
ELSINBORO,0,0,1,1
ELVE,0,0,1,0
FAIRWAY,0,0,1,0
FALLSINGTON,0,0,1,1
EMDENT,0,0,0,1
EMYD,0,0,0,1
ENDLICH,0,0,1,0
ENERGY,0,0,0,1
ENOTT,0,0,0,1
ENTENTE,0,0,0,1
EPSIE,0,0,0,1
EREMIS,0,0,1,0
ERNEM,0,0,0,1
ERNEST,0,0,1,1
ERVIDE,0,0,1,1
ESKA,0,0,0,1
ESTELLE,0,0,0,1
ESTESLAKE,0,0,0,1
FORELAND,0,0,0,1
ETHRIDGE,0,0,1,1
ETTA,0,0,1,0
ETTIENRIDGE,0,1,0,0
EULONIA,0,0,0,1
EVARD,0,0,1,1
EVARO,0,0,1,0
EWAN,0,0,0,1
EYERBOW,0,0,0,1
FAIRBIRCH,0,0,1,0
FELDTMANN,0,0,0,1
FAIRFIELD,0,0,1,0
FAIRLESS,0,0,0,1
FAIRPOINT,0,0,1,1
FAIRSMITH,0,0,1,0
FAIRVIEW,0,0,1,1
FAIRYSTONE,0,0,0,1
FAITH,0,0,0,1
FINGAL,0,0,0,1
FALSEBOTTOM,0,0,0,1
FARFELD,0,0,1,0
FARNUF,0,0,1,0
FARRAR,0,0,1,0
FARSIDE,0,0,0,1
FATTIG,0,0,0,1
FEDSCREEK,0,0,1,1
FEEDER,0,0,0,1
FELAN,0,0,1,1
FENTON,0,0,1,0
FERBALL,0,0,1,0
FERD,0,0,0,1
FERGUS,0,0,0,1
FERNLINE,0,0,0,1
FERNVIEW,0,0,0,1
FESSLER,0,0,0,1
FIFER,0,0,0,1
FIGARO,0,0,0,1
FIGGS,0,0,0,1
FILIORUM,0,0,1,1
FINN,0,0,1,0
FINNERTY,0,0,0,1
FIRADA,0,0,1,0
FIRETOWER,0,0,0,1
FIRTH,0,0,0,1
FIVEBEAVER,0,0,1,1
GALLATIN,0,0,1,1
FLASKAN,0,1,0,0
FLAT HORN,0,0,0,1
FLATCREEK,0,0,0,1
FLATTOP,0,0,0,1
GALLOWAY,0,0,1,1
FLEECER,0,0,0,1
FLETT,0,0,1,1
FLIMFLAM,0,0,1,1
FLOREY,0,0,1,0
FLOTT,0,0,1,1
FLOUNDER,0,0,0,1
FOOLHEN,0,0,1,0
FORGEN,0,0,1,0
FORMATION,0,0,0,1
FORSHEY,0,0,1,0
FORT MOTT,0,0,1,1
FORTBENTON,0,0,0,1
FORTLOGAN,0,0,1,0
FOSSILBUTTE,0,0,1,0
FOURMOUND,0,0,1,1
FOXGULCH,0,0,0,1
FOXHILL,0,0,1,0
FRAILEY,0,0,0,1
FRANCONI,0,0,0,1
FRAZER,0,0,0,1
GERBANA,0,0,1,1
FREEMAN,0,0,0,1
FRENCHCREEK,0,0,1,0
FRISITE,0,0,0,1
FRIZZELCREEK,0,0,0,1
FROGHEAVEN,0,0,1,1
FROLIC,0,0,0,1
FRUITA,0,0,1,0
FRUITCREEK,0,0,0,1
FULLERTON,0,0,1,1
GALATA,0,0,0,1
GALBRETH,0,0,0,1
GALESTOWN,0,0,1,1
GAPO,0,0,0,1
GAPPMAYER,0,0,0,1
GARDENCREEK,0,0,0,1
GERDRUM,0,0,1,1
GAREY,0,0,0,1
GIBBS,0,0,1,1
GARLET,0,0,1,0
GARRETT,0,0,0,1
GLENTON,0,0,0,1
GATE,0,0,0,1
GATEWAY,0,0,1,0
GAVERS,0,0,1,1
GEERTSEN,0,0,0,1
GOESSEL,0,0,1,1
GERBER,0,0,1,1
GERMANIA,0,0,0,1
GEROW,0,0,0,1
GERTIE,0,0,1,1
GILLUM,0,0,0,1
GILISPIE,0,0,1,1
GILLETT GROVE,0,0,1,1
GILMORE,0,0,0,1
GILPIN,0,0,1,1
GILT EDGE,0,0,0,1
GINI,0,0,1,1
GIRD,0,0,1,1
GLACIERCREEK,0,0,0,1
GLACIERISLAND,0,0,1,1
GLADE,0,0,1,1
GLANN,0,0,1,0
GLASSBORO,0,0,1,1
GOBLINTOWN,0,0,0,1
HAMBROOK,0,0,1,1
GOLDCORD,0,0,0,1
GOLDENLAKES,0,0,1,1
GOLDFLINT,0,0,0,1
GOLDLAKE,0,0,0,1
GOLDMIRE,0,0,0,1
GOLDSBORO,0,0,0,1
GOODVIEW,0,0,0,1
GOOSEBURY,0,1,0,0
GORING,0,0,0,1
GOTHIC,0,0,1,0
GOULDING,0,0,0,1
GRADE,0,0,1,0
GRANDMOUND,0,0,0,1
GRASSLAND,0,0,0,1
GRASSVALLEY,0,0,0,1
GRASSYHOLLOW,0,0,1,0
GREEN CANYON,0,0,0,1
GREENOUGH,0,0,0,1
GREENPETER,0,0,0,1
GREENWICH,0,0,1,1
GREGSON,0,0,1,0
GREWINGK,0,0,1,0
GREYBEAR,0,0,1,1
GREYCLIFF,0,0,0,1
HALLET,0,0,1,0
GRIST MILL,0,0,1,1
GRITER,0,1,0,0
GROMMET,0,0,1,0
GROSSTOWN,0,0,1,1
GROUNDHOG,0,0,0,1
GROVECREEK,0,0,1,0
GRUBBS,0,0,0,1
GUALALA,1,0,1,1
GUFFEY,0,0,1,0
GUILDER,0,0,0,1
GULLROCK,0,0,0,1
GUNSONE,0,0,1,0
GUNSTON,0,0,1,1
GUYANDOTTE,0,0,1,0
HACKERS,0,0,1,1
HACKNEY,0,0,1,1
HAFLING,0,0,1,0
HAFMAU,0,0,1,0
HAGGARD,0,0,0,1
HAGSTADT,0,0,0,1
HAIGLER,0,0,1,1
HALCOTT,0,1,0,0
HALIFAX,0,0,1,1
HALLENTON,0,0,0,1
HAMMONTON,0,0,0,1
HANAKER,0,0,0,1
HANDKE,0,0,0,1
HANDSHOE,0,0,1,1
HANNING,0,0,1,1
HANSON,0,0,1,0
HEADWATERS,0,0,1,1
HARKERS,0,0,0,1
HARLAKE,0,0,1,0
HARLEM,0,0,0,1
HARSTINE,0,0,1,1
HARTLETON,0,0,1,1
HAUGAN,0,0,1,1
HATTONTOWN,0,0,1,1
HATU,1,0,0,0
HAUZ,0,0,0,1
HAVRE,0,0,0,1
HAW RIVER,0,0,0,1
HAXBY,0,0,1,0
HAZELAIR,0,0,1,0
HEDOES,0,0,1,0
HEDOX,0,0,0,1
HEDSTROM,0,0,0,1
HOLTER,0,0,1,0
MEGONOT,0,0,1,1
HEISKELL,0,0,1,1
MELDRIM,0,0,1,1
HELENA,0,0,1,1
HELMVILLE,0,0,1,0
HENDON,0,0,0,1
HENDRICKS,0,0,1,0
HENHOIT,0,0,0,1
HENLOPEN,0,0,1,1
HENNEBERRY,0,0,1,0
HERDCAMP,0,0,0,1
HERRING CREEK,0,0,0,1
IRELAND,0,0,1,1
HESPER,0,0,0,1
HEWOLF,0,0,1,1
HIBRITEN,0,0,1,1
HICKORYKNOB,0,0,1,1
HIDEAWAY,0,0,1,0
HIGHAMS,0,0,0,1
HILGER,0,0,1,1
HILINE,0,0,0,1
HILLERY,0,0,0,1
HILLON,0,0,1,1
HILMAR,0,0,0,1
HINGHAM,0,0,0,1
HINTERLAND,0,0,0,1
HISNA,0,0,0,1
HIVAL,0,0,1,0
HODGE,0,0,0,1
HOEHNE,0,0,1,0
HOGAN,0,0,0,1
HOGHEAVEN,0,0,0,1
HOGHOLE,0,0,1,1
HOGSBY,0,0,1,1
HOHMANN,0,0,0,1
HOLCOMB,0,0,1,1
HOLDERMAN,0,0,1,1
HOLLANDLAKE,0,0,0,1
HOLMDEL,0,0,1,1
HOMESTEAD,0,0,0,1
HONDU,0,0,1,0
HONGA,0,0,1,1
HOODLE,0,0,1,0
HOOKSAN,0,0,1,1
HOOLIGAN,0,0,0,1
HOOSAN,0,0,1,0
HOPLEY,0,0,0,1
HORNITOS,0,0,0,1
HOTSPOT,0,0,1,0
HORSEGRASS,0,0,1,0
HOSKIN,0,0,0,1
HOULIHAN,0,0,1,0
HOWCAN,0,1,0,0
HOYT,0,0,1,1
HUBERLY,0,0,1,1
HUENEME,0,0,0,1
HUMESTON,0,0,1,0
HUFFINE,0,0,0,1
HUFMAN,0,0,0,1
HUGHESVILLE,0,0,0,1
JUDITH,0,0,1,0
HULUA,0,0,0,1
LITTLE HORN,0,0,1,1
HUMMINGTON,0,0,1,1
HUSE,0,0,0,1
HUSS,0,0,1,1
HUTCHLEY,0,1,0,0
HUTTULA,0,0,0,1
HYALITE,0,0,1,1
HYDE,0,0,0,1
HYSHAM,0,0,0,1
IAO,0,0,0,1
IBEX,0,0,0,1
IDANHA,0,0,1,1
IFFGULCH,0,0,0,1
IGOR,0,0,1,0
IKE,0,1,0,0
IKIT,0,0,0,1
INARAJAN,0,0,0,1
INARI,0,0,0,1
INDIAHOMA,0,0,0,1
INDIAN RIVER,0,0,0,1
INEL,0,1,0,0
MCCALPINEMEADOW,0,0,0,1
INGLEDOVE,0,0,0,1
INGRAHAM,0,0,0,1
INKLER,0,0,1,0
INTERIOR,0,0,1,0
IOWITHLA,0,0,0,1
IPSUT,0,0,0,1
IROCK,0,0,0,1
IRVINE,0,0,0,1
IRWIN,0,0,0,1
ISBELL,0,0,0,1
ISMAY,0,0,0,1
ISSUE,0,0,1,1
ITMANN,0,0,1,1
ITZEE,0,0,1,0
IVANELL,0,0,1,1
LIVERPOOL,0,0,1,1
JACOBY,0,0,1,0
JADE RUN,0,0,1,1
JOCKO,0,0,1,1
JANELEW,0,0,1,1
JANKOSH,0,0,0,1
JARITA,0,0,0,1
JAYEM,0,0,0,1
SQUATTERFLAT,0,0,1,1
JOICE,0,0,0,1
JESBEL,1,0,1,1
JIM,0,0,0,1
JIMBEE,0,1,0,0
JIMBO,0,0,1,1
JIMMERFIELD,0,0,1,0
JOEGALE,0,0,1,0
JOHNS,0,0,0,1
JOHNSON,0,0,1,0
JOHNSTON,0,0,0,1
JONAH,0,0,1,0
JONDA,0,1,0,0
JONESCREEK,0,1,1,0
JOPLIN,0,0,0,1
JORAIBI,0,1,0,0
JOSBURG,0,0,1,0
JUDCO,0,0,1,0
JUDELL,0,0,1,1
JUEL,0,0,1,0
JULIN,0,0,0,1
JULIUS,0,0,0,1
KAUTZ,0,0,1,1
KADYGULCH,0,0,0,1
KAINA,0,0,1,0
KALAMBACH,0,0,0,1
KALLIS,0,0,1,0
KALMIA,0,0,0,1
KALSTED,0,0,1,0
KANAWHA,0,0,1,1
KANDIK,0,0,0,1
SWENCAN,0,0,1,1
KATAKA,0,0,0,1
KATKITOS,0,0,1,0
KATPA,0,0,0,1
KAYMINE,0,0,1,1
KEBA,0,0,0,1
KECHUMSTUK,0,0,0,1
KEENE,0,0,1,1
KEISER,0,0,0,1
KEITH,0,0,1,0
KELLYGULCH,0,0,1,0
KELSTRUP,0,0,1,1
KEMUK,0,0,0,1
KENAI,0,0,0,1
KENILWORTH,0,0,1,1
KENTUCK,0,0,0,1
LAKEWOOD,0,0,0,1
KINSTON,0,0,0,1
KERL,0,0,1,0
KERRDAM,0,0,1,1
KEVIN,0,0,0,1
KIBIN,0,0,0,1
KIBLER,0,0,0,1
KIDNAPSPRING,0,0,1,1
KIEV,0,0,1,0
KILARC,0,0,0,1
KILFOIL,0,0,0,1
KILLEY,0,0,0,1
KILLPACK,0,0,1,0
KIMPTON,0,0,1,0
KINDT,0,0,1,0
KINESAVA,0,0,0,1
KINGSPOINT,0,0,0,1
KINGSTOWNE,0,0,1,1
KINKEAD,0,0,0,1
KINNEAR,0,0,1,0
KINNEY,0,0,1,1
KINZEL,0,0,0,1
KIOKLUK,0,0,0,1
KIRBY,0,0,0,1
KISMETPEAK,0,0,1,0
KISRING,0,0,0,1
KITTREDGE,0,0,1,0
KIWANIS,0,0,0,1
KLASI,0,0,0,1
KLAYENT,0,0,1,0
KLEINSCHMIDT,0,0,0,1
KLEJ,0,0,1,1
KLICKSON,0,0,0,1
KLISKON,0,0,0,1
KLUG,0,1,0,0
KNEELAND,0,0,1,0
KNIK,0,0,0,1
KNULL,0,0,0,1
KYWAY,0,0,1,0
KOBARTER,0,0,0,1
KOBASE,0,0,1,1
KOKORUDA,0,0,0,1
KOKWOK,0,0,0,1
KOUNTER,0,0,0,1
KOYOKEE,0,0,0,1
KRAUSE,0,0,0,1
KREMLIN,0,0,0,1
KRESSON,0,0,1,1
KRUTAR,0,0,0,1
KUPREANOF,0,0,0,1
KURO,0,0,0,1
KUSKOKWIM,0,0,0,1
KUSLINAD,0,0,0,1
KUVASZ,0,0,1,0
LACKSTOWN,0,0,1,1
LABU,0,0,0,1
LACEYCREEK,0,0,1,1
LADNER,0,0,0,1
LADO,0,0,1,0
LAGALL,0,0,1,0
LAHOOD,0,0,1,1
LAKEHELEN,0,0,1,0
LAKEHURST,0,0,0,1
LAKEMOUNTAIN,0,0,1,0
LAMBETH,0,0,1,1
LAMBMAN,0,0,0,1
LAMEDEER,0,0,0,1
LAPLATTA,0,0,0,1
LAMULITA,0,0,1,0
LANCE,0,0,1,1
LANDLOW,0,0,0,1
LANDMAN,0,0,0,1
LANDUSKY,0,0,1,1
LANEY,0,0,0,1
LANIGER,0,0,0,1
LANKIN,0,0,0,1
LANTERN,0,0,0,1
LAP,0,0,1,0
LARCHPOINT,0,0,0,1
LARDELL,0,0,0,1
LARIM,0,0,1,1
LARKIN,0,0,1,1
LARWOOD,0,0,1,0
LAS FLORES,0,0,0,1
LAS LUCAS,0,0,0,1
LEANTO,0,1,0,0
LATIWI,0,0,0,1
LATAH,0,0,1,1
LATHAM,0,0,1,1
LATIGO,0,0,1,0
LAUGHINGWATER,0,0,0,1
LAUREL,0,0,0,1
LAVELDO,0,0,1,1
LAVINA,0,0,0,1
LAYLAND,0,0,1,1
LAYTON,0,0,0,1
LEAHY,0,1,0,0
LEAVITT,0,0,1,0
LEAVITTVILLE,0,0,1,0
LEBEC,0,0,0,1
LEDGER,0,0,0,1
LEEPER,0,0,1,0
LEN,0,0,0,1
LEIPSIC,0,0,1,1
LENNEP,0,0,0,1
LEMONCREEK,0,0,1,1
LENNI,0,0,1,1
LENAPE,0,0,0,1
LEONARDTOWN,0,0,1,1
LEPNER,0,0,1,0
LESBUT,0,0,1,0
LESIER,0,0,1,0
LEVENGOOD,0,0,1,0
LEVY,0,0,0,1
LIBEG,0,0,1,0
LICK,0,0,1,0
LIHILL,0,0,1,0
LILSHEEP,0,0,1,0
LINDSIDE,0,0,1,1
LINNET,0,0,1,1
LINWELL,0,0,1,1
LIONWOOD,0,0,0,1
LIPKE,0,0,1,1
LISK,0,0,1,1
LITAG,0,0,0,1
LITTLETABLE,0,0,1,0
LITTLEJOE,0,0,0,1
LITTLESAGE,0,0,1,0
LITTLETAHOMA,0,0,1,1
LIZARD,0,0,1,0
LOBERG,0,0,1,0
LODI,0,0,1,0
MANDALE,0,0,1,1
MARIAS,0,0,1,1
LOLO,0,0,1,0
LOLON,0,0,1,1
LOLOPEAK,0,0,1,0
LOMAKI,0,1,0,0
LONEMAN,0,0,0,1
LONEPINE,0,0,1,1
LONGBOW,0,0,1,1
LONNA,0,0,1,1
LONNIEBEE,0,0,1,0
LORHUNT,0,0,0,1
MACHIAS,0,0,1,1
LOSTHORSE,0,0,1,0
LOSTRIVER,0,0,1,1
LOUSCOT,0,0,0,1
LOWDER,0,0,0,1
LOWLAND,0,0,1,1
LOZEAU,0,0,1,0
LUBRECHT,0,0,1,1
LUCILE,0,0,0,1
LUCKNOW,0,0,1,1
LUCKYBOY,0,0,1,1
LULUDE,0,0,1,0
LUMBEE,0,0,0,1
LUMPGULCH,0,0,1,0
LUND,0,0,1,0
LYNCHBURG,0,0,1,1
LYNCHLAKE,0,0,1,0
MARTEN,0,0,0,1
LYONSBRIDGE,0,0,1,0
MACABRE,0,0,0,1
MACAR,0,0,0,1
MACIVER,0,0,1,0
MACLAREN,0,0,0,1
MACMEAL,0,0,0,1
MADBEAVER,0,0,1,0
MONMOUTH,0,0,1,1
MADRID,0,1,0,0
MANOKIN,0,0,1,1
MAGGODEE,0,0,0,1
MAGINNIS,0,0,0,1
MANTON,1,0,1,1
MAIDEN,0,0,1,0
MAITLAND,0,0,0,1
MANAHAWKIN,0,0,0,1
MANDARIN,0,0,1,1
MANDY,0,0,1,1
MANHATTAN,0,0,0,1
MANKOMEN,0,0,0,1
MANLYWHAM,0,0,0,1
MANN,0,0,0,1
MANNINGTON,0,0,0,1
MANOR,0,0,1,1
MONTOUR,0,0,0,1
MANSKER,0,0,1,1
MANSON,0,0,1,0
MANTOLOKING,0,0,0,1
MANZANAR,0,0,1,0
MAPLE MOUNTAIN,0,0,0,1
MAPLECREST,0,1,0,0
MARCETTA,0,0,1,1
MARCOTT,0,0,0,1
MAREMMA,0,0,1,0
MARIA,0,0,0,1
MARJANE,0,1,0,0
MARKLEPASS,0,0,0,1
MARLTON,0,0,1,1
MARROWBONE,0,0,1,1
MARSHYHOPE,0,0,1,1
MARSING,0,0,0,1
MARTAB,0,0,0,1
MARTINECK,0,0,0,1
MARTINSDALE,0,0,1,0
MARVAN,0,0,1,1
MARVELL,0,0,0,1
MASCHETAH,0,0,1,0
MATAPEAKE,0,0,1,1
MATEWAN,0,0,1,1
MATHESON,0,0,1,0
MATTAN,0,0,1,1
MATTAPEX,0,0,1,1
MATTAPONI,0,0,0,1
MAUCROS,0,0,1,1
MAULE,0,0,0,1
MAURICE,0,0,1,0
MAWSPRING,0,0,1,0
MAXEY,0,0,0,1
MAXVILLE,0,0,1,1
MAYBEE,0,0,0,1
MAYFIELD,0,0,0,1
MAYMEAD,0,0,1,1
MAYTOWN,0,0,1,1
MCBAIN,0,0,1,0
MCCABE,0,0,0,1
MCCALEB,0,1,0,0
MCCALLA,0,0,1,0
MCCAMMON,0,0,0,1
MCCASH,0,0,0,1
MCCOLLUM,0,0,1,0
MCMANUS,0,0,0,1
MCCURDY,0,0,1,0
MCDONALD,0,0,0,1
MCGAFFEY,0,0,0,1
MCGINTY,0,0,1,0
MCKENTON,0,0,1,0
MCNAMEE,0,0,1,0
MCWILLAR,0,0,1,0
MEADOWFIELD,0,0,1,1
MEADOWS,0,0,0,1
MEAGHER,0,0,1,0
MEANY,0,0,0,1
MEAUFUN,0,0,1,1
MEAVER,0,0,1,0
MEDICINE,0,1,0,0
MEDOC,0,0,0,1
MEGGETT,0,0,1,1
MEIKLE,1,0,1,1
MELLOE,0,0,0,1
MELOCHE,0,0,0,1
MENAGERIE,0,0,1,1
MENAN,0,1,0,0
MENDNA,0,0,0,1
MENEFEE,0,0,1,0
MERCED,0,0,0,1
MEXICO,0,1,0,0
MERIWHITICA,0,1,0,0
MERRILL,0,0,0,1
MICHELSON,0,0,1,0
MORGALA,0,0,0,1
MOSHANNON,0,0,1,1
MIDNIGHT,0,0,0,1
MIDNOT,0,0,1,0
MIKESELL,0,0,1,0
MILLBORO,0,0,0,1
MILLPOCKET,0,0,0,1
MILLPOINT,0,0,1,0
MISPILLION,0,0,1,1
MILLRACE,0,0,0,1
MOUNTIRELAND,0,0,0,1
MIMMS,0,0,0,1
MINCHUMINA,0,0,1,0
MINDEGO,0,0,1,1
MINESTOPE,0,0,0,1
ROLPH,0,0,0,1
MINNIEPEAK,0,0,0,1
MISHAKAL,0,0,1,0
MITTEN,0,0,0,1
MOCMONT,0,0,0,1
MODESS,0,0,0,1
MODESTO,0,0,1,0
MODESTY,0,0,0,1
MOGG,0,0,1,0
MOIESE,0,0,1,1
MOKIAK,0,0,0,1
MOLLET,0,0,1,0
MOLLMAN,0,0,0,1
MOLTONER,0,0,0,1
MONABERG,0,0,1,0
MONAD,0,0,1,0
MONBUTTE,0,0,1,0
MONCURE,0,0,1,1
MONDEY,0,0,0,1
MONONGAHELA,0,0,1,0
MONTALTO,0,0,0,1
MONTEVALLO,0,0,1,1
MONTLID,0,0,0,1
MONTOSO,0,0,0,1
MONTSWEET,0,0,1,0
MOOSEFLAT,0,0,1,0
MOOSEJAW,0,0,0,1
MOOSERIDGE,0,0,0,1
MOREHEAD,0,0,1,1
MORET,0,0,0,1
MUD SPRINGS,0,0,0,1
MORRISTOWN,0,0,1,1
MOUNTWOW,0,0,0,1
MOUNTAIN PARK,0,0,1,1
MOUNTAINBURG,0,0,0,1
MOUZON,0,0,0,1
MOWBRAY,0,0,1,1
MOWER,0,0,0,1
MOYERS,1,0,0,1
MT. OLIVE,0,0,1,1
MUDIE,0,0,0,1
MUDDUCK,0,0,1,0
MUIRKIRK,0,0,0,1
MUKLUNG,0,0,0,1
MULLERS,0,0,0,1
MULLICA,0,0,0,1
MUNDEN,0,0,0,1
MUNK,0,0,0,1
MUNTERVILLE,0,0,0,1
MURRSTEAD,0,0,0,1
MYSTICLAKE,0,0,1,1
MUSSEL,0,0,1,0
MUSSIGBROD,0,0,1,1
MUTTONTOWN,0,0,1,1
NAFF,0,0,1,1
NAGUGUN,0,0,0,1
NAKARNA,0,0,1,0
NATHERMAN,0,0,1,0
NALAKI,0,1,0,0
NALLEN,0,0,1,1
NAMON,0,1,0,0
NANCY,0,0,0,1
NANSEMOND,0,0,0,1
NANTICOKE,0,0,0,1
NARADA,0,0,0,1
NARCISSE,0,0,1,1
NARGON,0,1,0,0
NARRAGUINNEP,0,0,1,0
NARROWRIDGE,0,0,1,0
NARROWS,0,0,1,0
NASSAWANGO,0,0,1,1
TEIGEN,0,0,1,1
NATHALIE,0,0,1,1
NAWNEY,0,0,0,1
NEEN,0,0,1,0
NEHAR,0,0,0,1
NELDORE,0,0,1,1
NEMAH,0,0,1,1
NESTLEY,0,0,0,1
NEVARC,0,0,1,1
NEW CAMBRIA,0,0,0,1
NEWLANCREEK,0,0,1,0
NIART,0,0,1,0
NICKIN,0,0,0,1
NICKOLNA,0,0,0,1
NIEMAN,0,0,1,0
NIKLASON,0,0,0,1
NIKLAVAR,0,0,0,1
NILDA,0,0,1,0
NILER,0,0,0,1
NIMMO,0,0,0,1
NINEPIPE,0,0,1,0
NIRLING,0,0,1,0
NISSLER,0,0,1,0
NIVEAN,0,0,1,1
THOSAND,0,0,1,0
NIXONTON,0,0,0,1
NOBE,0,0,0,1
NOBOCO,0,0,0,1
NOPEMOUNTAIN,0,0,1,0
NOOKSACK,0,0,0,1
NORBERT,0,0,1,1
NORCAN,0,0,0,1
NORDIC,0,0,1,1
NORFOLK,0,0,1,1
NORLO,0,0,0,1
NORMAUK,0,0,1,1
NOYO,0,0,0,1
NOVARY,0,0,0,1
NOXLIN,0,0,0,1
NULEY,0,0,1,1
NUNACHUAK,0,0,0,1
NUNEMAKER,0,0,1,1
NUSHAGAK,0,0,0,1
NUTALL,0,0,1,0
NUTRIOSO,0,1,0,0
NYTHAR,0,0,0,1
OAK LEVEL,0,0,1,1
OASIS,0,0,1,0
OBRIEN,0,0,1,1
OBURN,0,0,1,1
OCEANAIRE,0,0,0,1
ODARK,0,0,0,1
OHANAPECOSH,0,0,0,1
OKIOTA,0,0,0,1
OHWILER,0,0,1,0
OKEETEE,0,0,0,1
OLALLIE,0,0,0,1
OLANTA,1,0,0,1
OLDTRAIL,0,0,0,1
OLIVENHAIN,0,0,0,1
OLUSTEE,0,0,1,1
ONAWET,0,0,0,1
ONEONTA,0,0,1,1
ONOVILLE,0,0,1,1
OPECHEKAHTA,0,0,0,1
OPEQUON,0,0,1,1
OPITZ,0,0,0,1
OPOLIS,0,0,0,1
ORANGE,0,0,1,1
ORGTER,0,0,0,1
ORINOCO,0,0,1,1
ORLAND,0,0,1,0
ORO FINO,0,0,1,0
OTHELLO,0,0,1,1
OUSELFAL,0,0,0,1
OUTLET,0,0,0,1
OVANDO,0,0,1,1
OVERFELT,0,0,0,1
OVERLANDTRAIL,0,0,1,0
OVINGTON,0,0,0,1
OWENFORT,0,0,1,0
OWLRIDGE,0,0,1,1
OWYHEE,0,0,1,0
PACHAPPA,0,0,1,0
PACHEL,0,0,1,1
PACKMO,0,1,0,0
PACKSADDLE,1,0,0,0
PACTOLUS,0,0,1,1
PADDY,0,0,1,1
PAICE,0,0,0,1
PALMVIEW,0,0,1,0
PANAMAKER,0,0,0,1
PANCHERI,0,1,0,0
PANDOAH,0,0,0,1
PAPPASCREEK,0,0,0,1
PARKFIELD,0,0,0,1
PARKINSON,0,0,1,1
ROCKO,0,0,1,0
PARLEYS,0,0,1,0
PARRISH,0,0,0,1
PASQUOTANK,0,0,0,1
PASSAR,0,0,0,1
PASSMORE,0,0,0,1
PASTERN,0,1,0,0
PASTURE POINT,0,0,0,1
PATAPSCO,0,0,0,1
PATIO,0,0,0,1
PATIT CREEK,0,0,1,1
PATOUZA,0,0,1,1
PATTENBUTTE,0,0,1,0
PEAKIN,0,0,1,0
PAVANT,0,0,0,1
PAVILLION,0,0,0,1
PAX,0,0,0,1
PAXVILLE,0,0,1,1
PEABODY,0,0,1,1
PEASPEAR,0,0,1,0
PEAVINER,0,0,1,1
PEDRICK,0,0,1,1
PEDRICKTOWN,0,0,0,1
PEERLESS,0,0,0,1
PEERS,0,1,0,0
PELION,0,0,0,1
PELLERNARQUQ,0,0,0,1
PENASCO,0,0,0,1
PENDROY,0,0,1,1
PENHOOK,0,0,0,1
PENSORE,0,0,0,1
PEOH,0,0,0,1
PERQUIMANS,0,0,0,1
PERMA,0,0,1,0
PIERRE,0,0,0,1
PESOWYO,0,0,0,1
PETA,0,0,1,0
PETTIGREW,0,0,0,1
PETTY,0,0,1,0
PICCOWAXEN,0,0,1,1
PETZEL,0,0,1,1
PFAFFTOWN,0,0,1,1
PHALANX,0,0,1,1
PHILIPSBURG,0,0,1,0
PHILLIPS,0,0,1,1
PIANOHILL,0,0,1,0
PICAYUNE,0,0,0,1
PICEANCE,0,0,0,1
PICKETLAKE,0,0,1,0
PIERIVER,0,0,0,1
PIERKING,0,0,1,0
PIERVIEW,0,0,1,0
POCATY,0,0,0,1
PINEYNECK,0,0,1,1
PINEAL,0,0,0,1
PINEBREAKS,0,0,0,1
PINEBUTTE,0,0,1,1
PINEGUEST,0,0,0,1
PINEHILL,0,0,1,1
PINEOLA,0,0,1,1
PINGREE,0,1,0,0
PINICON,1,0,0,1
PINKEL,0,0,0,1
PINKSTON,0,0,0,1
PINOKA,0,0,1,1
PINTLAR,0,0,1,1
PIPEROCK,0,0,1,1
PIPESTEM,0,0,0,1
PIPPOD,0,0,0,1
PIRKEY,0,0,0,1
PITCHSTONE,0,0,0,1
PIUTE,0,1,0,0
PIUTESPRING,0,0,1,0
PLACENTIA,0,0,0,1
PLACK,0,0,0,1
PLAZA,0,0,1,1
PLEASANT GROVE,0,0,0,1
PREWITT,0,0,1,1
PLIMPTON,0,0,1,0
PUCKUM,0,0,1,1
PLUMMER,0,0,1,1
RONAN,0,0,0,1
POHLOD,0,1,1,0
POIN,0,0,1,0
POTTSBURG,0,0,1,1
POLACCA,0,1,0,0
POLEY,0,1,0,0
POLLASKY,0,0,1,1
PORONTO,0,0,1,0
PORTSMOUTH,0,0,0,1
POST,0,0,0,1
ROPER,0,0,0,1
POTOBAC,0,0,1,1
POVERTY,0,0,1,0
POZEGA,0,0,0,1
PREGO,0,0,1,1
PRESTO,0,0,0,1
PRITCHETT,0,0,0,1
PROGRESSO,0,1,0,0
PROSPECT,0,0,0,1
PROSPERITY,0,0,1,0
PSUNI,0,0,0,1
PSUYAAH,0,0,0,1
QUAKERBRIDGE,0,0,1,1
PULS,0,0,0,1
QUIRT,0,0,1,0
PUNGO,0,0,1,1
PURPLE,0,0,0,1
PUTNEY,0,0,0,1
PYRAMID,0,0,0,1
PYRENEES,0,0,1,0
PYWELL,0,0,1,0
QENI,0,0,0,1
QUAGLE,0,0,1,1
QUAGWA,0,1,0,0
QUAKENASP,0,0,1,0
QUATAMA,0,0,1,1
QUAZAR,0,0,1,0
QUIGG,0,0,1,1
QUIGLEY,0,0,1,0
QUIHI,0,0,1,0
QUINDOCQUA,0,0,1,1
QUIVERA,0,1,0,0
RAGHORN,0,0,0,1
RAHWORTH,0,0,1,1
RAINS,0,0,0,1
RALORE,0,0,1,1
RALSTONFLATS,0,0,1,0
RAMCREEK,0,0,0,1
RAPELJE,0,0,0,1
RAPIDCREEK,0,0,0,1
RASALO,0,0,1,0
ROUNDOR,0,0,1,0
RATIOPEAK,0,0,1,0
RAWAH,0,0,0,1
RAYNE,0,0,1,1
REAGAN,0,0,0,1
RED POINT,0,0,1,0
REDCHIEF,0,0,1,0
REDFERN,0,0,0,1
REDFIST,0,0,1,1
REDLOCK,0,0,0,1
RUNCLINT,0,0,1,1
REDSAGE,0,0,1,0
REEDPOINT,0,0,1,0
RELEEP,0,0,0,1
RELYEA,0,0,1,1
REMOUNT,0,0,1,1
RENCOT,0,0,1,0
RENNIE,0,0,1,1
RENOL,0,0,0,1
REPKIE,0,0,1,0
REPP,0,0,1,0
RETTIG,0,0,1,0
REVAIS,0,0,0,1
REYBOLD,0,0,0,1
REYCREEK,0,0,0,1
RHODHISS,0,0,1,1
RICHVILLE,0,0,0,1
RICHEY,0,0,1,1
RIDGE,0,0,0,1
RIDGELAND,0,0,1,1
RIFLEPIT,0,0,1,1
RIGDON,0,0,1,1
RIGLEY,0,0,1,1
RING,0,0,0,1
RINGGOLD,0,0,1,0
RINQUIN,0,0,1,1
RIOMAR,0,0,0,1
RITTEL,0,0,1,1
RIVRA,0,0,0,1
ROACHGULCH,0,0,1,0
ROANOKE,0,0,0,1
ROCHESTER,0,0,1,0
ROCKAWALKIN,0,0,1,1
ROCKBOTTOM,0,0,0,1
ROCKDIRT,0,0,1,1
ROCKERJOHN,0,0,0,1
ROCKERVILLE,0,0,1,1
ROCKISLAND,0,0,1,0
ROEGULCH,0,0,1,0
ROGERT,0,0,1,0
ROLESVILLE,0,0,1,1
ROMIA,1,0,0,0
ROMINELL,0,0,1,1
ROMNEY,0,0,0,1
SAGEDALE,0,0,1,1
RONY,0,0,0,1
ROOTEL,0,0,0,1
ROTHIEMAY,0,0,1,0
ROTO,0,0,0,1
ROUND BUTTE,0,0,1,1
ROUNDTREE,0,0,1,1
ROWAN,0,0,1,0
ROWDEN,0,0,0,1
ROXTON,0,0,0,1
ROY,0,0,1,0
RUDEEN,0,0,0,1
SALZER,0,0,1,1
RUFUS,0,0,1,0
RUMBLECREEK,0,0,1,0
RUMFORD,0,0,0,1
RUNE,0,1,0,0
RUPLE,0,0,0,1
RUSSETT,0,0,1,1
RUTLEGE,0,0,1,1
SABANA,1,0,0,0
SALEM,0,0,0,1
SAN ARCACIO,0,0,0,1
SAN ISABEL,0,0,0,1
SANCRANE,0,1,0,0
SEABROOK,0,0,1,1
SANDUR,0,0,0,1
SANPEDRO,0,0,1,0
SANPITCH,0,0,0,1
SANSDESSEIN,0,1,0,0
SAPPHIRE,0,0,0,1
SAWICKI,0,0,1,0
SARBO,0,0,0,1
SARVANT,0,0,1,1
SASSAFRAS,0,0,1,1
SASSER,0,0,0,1
SCAVE,0,0,0,1
SATURN,0,0,0,1
SAULICH,0,0,0,1
SAUNDERS,0,0,1,1
SAVAGE,0,0,1,0
SAVER,0,0,1,0
SAWBUCK,0,0,1,1
SCAIRT,0,0,1,0
SCALPLOCK,0,0,1,0
SCAPO,0,0,0,1
SCARPAL,0,0,0,1
SCATTER,0,0,0,1
SCHAEFERVILLE,0,0,0,1
SKAGGS,0,0,1,0
SCHNEBLY,0,0,0,1
SCHOOLER,0,0,0,1
SCHROCK,0,0,0,1
SCHUMACHER,0,0,1,1
SCHUSTER,0,0,0,1
SCIPIO,0,0,1,0
SCOAP,0,0,1,0
SCOBEY,0,0,1,1
SNAKERIVER,0,0,1,1
SCORIO,0,0,1,0
SCOTMONT,0,0,0,1
SCOTTY,0,0,1,0
SCOUT,0,0,1,0
SCRAVO,0,0,1,0
SCUDDER,0,0,1,0
SEAGATE,0,0,0,1
SEAGOVILLE,0,0,0,1
SEASTRAND,0,0,1,1
SEAVERSON,0,0,0,1
SEBUD,0,0,1,0
SECREST,0,0,1,1
SECUNDA,0,0,1,0
SEDWELL,0,0,0,1
SEEDSKADEE,0,0,1,1
SEITZ,0,0,1,0
SELOW,0,0,0,1
SELWAY,0,0,1,1
SENECAVILLE,0,0,1,1
SEWELL,0,0,1,1
SHABOOM,0,0,0,1
SHADOW,0,0,1,0
SHADYOAK,0,0,1,1
SMITHBORO,0,0,1,1
SHALCAR,0,0,1,1
SHANE,0,0,1,1
SHAR,0,0,1,0
SPLITRO,0,0,1,0
SHANLEY,0,0,1,0
SHANTA,0,0,0,1
SHARPTOWN,0,0,1,1
SHEDHORN,0,0,0,1
SHEEGE,0,0,1,0
SHEEPCAN,0,0,0,1
SHEEPISLAND,0,0,1,1
SHEEPSKULL,0,0,1,1
SHEETSFLAT,0,0,1,0
SICKLESTEETS,0,0,1,0
SHENANDOAH,0,0,0,1
SHERMAP,0,0,1,0
SHEWAG,0,0,1,0
SHIBAH,0,0,1,0
SHINGLETOWN,0,0,0,1
SHIRED,0,0,1,0
SHOOFLIN,0,0,0,1
SHOOK,0,0,1,1
SHURLEY,0,0,0,1
SHUMWAY,0,0,0,1
SIBBETT,0,0,0,1
SIEBEN,0,0,1,0
SIEBERELL,0,0,1,1
SIEBERT,0,0,0,1
SIELO,1,0,0,0
SIGNALHILL,0,0,1,0
SILOAM,0,0,0,1
SILVERCHIEF,0,0,0,1
SILVERCITY,0,0,1,1
SILVERJACK,0,0,1,0
SILVERKING,0,0,0,1
SINNIGAM,0,0,1,0
SIRREF,0,0,0,1
SIWASH,0,0,0,1
SIXBEACON,0,0,0,1
SIXTEENMILE,0,0,1,0
SKAMO,0,0,0,1
SKELTER,0,0,0,1
SKUNKFARM,0,0,1,0
SLOCUM,0,0,1,1
SKYVIEW,0,0,0,1
SLAGLE,0,0,0,1
SLATEGOAT,0,0,1,1
SLEDRUNNER,0,0,1,0
SLIDE,0,1,0,0
SLIKOK,0,0,0,1
SLUISKIN,0,0,1,1
SMALL,0,0,1,0
SMARTS,0,0,0,1
SNAGPOINT,0,0,1,1
SNAKE,0,0,0,1
SNOWSNAKE,0,0,1,1
SNYDERSDITCH,0,0,1,0
SOELBERG,0,1,0,0
TORPY,0,0,1,0
SONNETT,0,0,1,1
SOMERS,0,0,0,1
SONYOK,0,0,0,1
SOURDOUGH,0,0,0,1
SOUTHPOINT,0,0,0,1
SOUTHWICK,0,0,1,1
SPAA,0,0,0,1
SPANG,0,0,1,1
SPARKY,0,0,1,0
SPARMO,0,1,0,0
SPARTABUTTE,0,0,1,0
SPARTANBURG,0,0,1,1
SPEARS MOUNTAIN,0,0,0,1
SPENARD,0,0,0,1
SPESSARD,0,0,0,1
SPINEKOP,0,0,1,1
SPRAGUERIVER,0,0,1,0
SPRIGGS,0,0,1,1
ST. ALBANS,0,0,0,1
ST. ANTHONY,0,0,1,0
ST. MARYS,0,0,0,1
STAINKY,0,0,0,1
STALEY,0,0,1,1
STARGULCH,0,0,1,1
STARMAN,0,0,1,0
STATE,0,0,1,1
SUBWELL,0,0,0,1
STATLER,0,0,0,1
STEADMAN,0,0,1,1
STEARNS,0,0,0,1
STEMPLE,0,0,1,0
STILSON,0,0,1,1
STRAWFIELD,0,0,0,1
STODA,0,0,0,1
STONEBARN,0,0,1,0
STONEMAN,0,0,1,0
STORYHILL,0,0,1,1
STOTT KNOB,0,0,1,1
STOUGH,0,0,0,1
STOVHO,0,0,0,1
STRAIGHTSTONE,0,0,1,1
STRETH,0,0,1,0
STRYKER,0,0,1,1
STUBBLEFIELD,0,1,0,0
STYLITE,0,0,0,1
SUCARNOOCHEE,0,0,1,0
SUDDEN,0,0,1,0
SUDWORTH,0,0,0,1
SULA,0,0,1,1
SUFFOLK,0,0,0,1
SUMATRA,0,0,0,1
SUMMERLAND,0,0,1,1
SUNBEAM,0,0,1,1
SUNBURST,0,0,1,1
SUNDELL,0,0,0,1
SUNKEN,0,0,1,1
SUNTRANA,0,0,0,1
SURDAL,0,0,1,0
SURRENCY,0,0,1,1
SUSIVAR,0,0,0,1
SWAINTON,0,0,1,1
SWAKANE,0,0,1,1
SWALA,0,0,1,1
SWAMPCREEK,0,0,1,0
SWAMPYDRAW,0,0,1,0
SWEATLODGE,0,0,0,1
SWEDESBORO,0,0,1,1
SWEDNA,0,0,0,1
SWEETGRASS,0,0,0,1
SWEETWEED,0,0,1,1
SWIFTCREEK,0,0,1,0
SWIFTCURRENT,0,0,1,1
SWILLNA,0,0,0,1
VILLSPRINGS,0,0,1,0
SWINGSTATION,0,0,1,0
TAFOYA,0,0,1,1
TAGLAKE,0,0,0,1
TALAPUS,0,0,1,1
TALLY,0,0,1,1
TAMANEEN,0,0,1,1
TAMANOS,0,0,0,1
THOENY,0,0,1,1
TAMARACK,0,0,1,0
TANGAIR,0,0,0,1
TANGIER,0,0,1,1
TANGOE,0,0,0,1
TANNA,0,0,1,1
TARBORO,0,0,1,1
TARGHEE,0,0,1,0
TARRETE,0,0,0,1
TIDBITS,0,0,0,1
TENERIFFE,0,0,1,0
TATOOSH,0,0,0,1
TAWCAW,0,0,0,1
TAYLORSVILLE,0,0,0,1
TEAKETTLE,0,0,1,0
TECHICKNOT,0,1,0,0
TELAY,0,0,0,1
TELSTAD,0,0,0,1
TENDERFOOT,0,1,0,0
TENEX,0,0,0,1
TEPECREEK,0,0,0,1
TERRODD,0,1,0,1
TERLAK,0,0,0,1
TERLOUGH,0,0,0,1
TERRAD,0,0,0,1
TERTOO,0,0,0,1
TETON,0,0,1,1
TETONVIEW,0,0,1,0
TETOTUM,0,0,1,1
TEWFEL,0,0,1,1
TEXLINE,0,0,0,1
THADER,0,0,0,1
THAINCREEK,0,1,1,0
THATUNA,0,0,1,1
THERMOPOLIS,0,0,1,0
THIBADEAU,0,0,1,1
THIRSTYGULCH,0,0,1,0
THIRTYNINE,0,0,1,0
THOMSON,0,0,1,1
THOROUGHFARE,0,0,0,1
THREECABIN,0,0,1,0
THREERIV,0,0,1,0
THUNDERHEAD,0,0,1,0
THURSA,0,0,1,1
TIBAN,0,0,1,0
TIBS,0,0,0,1
TIBURONES,0,0,0,1
TIECHUTE,0,0,1,0
TIGARAHA,0,0,0,1
TIGER CREEK,0,0,0,1
TIGERON,0,0,1,1
TILFORD,0,0,0,1
TILLERY,0,0,1,1
TIMBERLIN,0,0,0,1
TINSLEY,0,0,1,0
TINTON,0,0,0,1
TIPPETT,0,0,0,1
TIPSOO,0,0,1,1
TIRZAH,0,0,1,0
TIZZARD,0,0,0,1
TOAST,0,0,1,1
TOKALOO,0,0,0,1
TOKO,0,0,0,1
TOKOSITNA,0,0,0,1
TOLEAK,0,0,0,1
TOLEX,0,0,0,1
TOLLFLAT,0,0,1,1
TOMLIN,0,0,0,1
TOMOTLEY,0,0,1,1
TOONE,0,0,0,1
TOPHAT,0,0,1,0
TOQUOP,0,0,0,1
TORCHLIGHT,0,0,0,1
TORPEDO LAKE,0,0,0,1
TORSIDO,0,0,0,1
TOSTON,0,0,0,1
WANDO,0,0,1,1
TRAILHOLLOW,0,0,1,0
TRAPPE,0,0,1,1
TRAPPER,0,0,0,1
TRAPPS,0,0,0,1
TRAVANS,0,0,1,1
TRELOAR,0,1,0,0
TRIANGLE,0,0,0,1
TRICART,0,0,1,1
TRIMAD,0,0,1,0
TROOK,0,0,1,0
TRUDAU,0,0,1,0
TRUITT,0,0,1,1
TRUSSUM,0,0,0,1
TSADAKA,0,0,0,1
TUFFIT,0,0,1,1
TUGGLE,0,0,1,1
TUGGLESGAP,0,0,0,1
TULEBASIN,0,0,0,1
TUMBLE,0,0,1,1
TUNITAS,0,0,0,1
TUNRAVIK,0,0,1,1
TUSSAHAW,0,0,0,1
TURPENTINE,0,0,0,1
TURSON,0,0,1,0
TURTLESPRINGS,0,0,1,0
TUSCOLA,0,1,0,0
TUWEEP,0,1,0,0
TWINADAMS,0,0,1,0
TWOCOLOR,0,0,0,1
TWOGIRLS,0,0,1,1
TYENDE,0,1,0,0
UDECIDE,0,0,0,1
UFISH,0,0,0,1
UHLIG,0,0,1,1
WATE,0,0,1,1
ULRIC,0,0,1,0
UNGIUQ,0,0,0,1
UNICOI,0,0,1,1
UNICORNPEAK,0,0,0,1
UPPERSODA,0,0,0,1
UPSHUR,0,0,1,1
USTIUGOF,0,0,0,1
UTABA,0,0,0,1
UTLEY,0,0,1,1
VAEDA,0,0,0,1
VALPEY,0,0,0,1
VAN HORN,0,0,0,1
VANDA,0,0,1,1
VANDALIA,0,0,1,1
VANELLA,0,0,1,1
VANOCKER,0,0,1,0
VANSTEL,0,0,1,1
VANTRUMP,0,0,1,1
VARINA,0,0,1,1
VARNEY,0,0,1,0
VASSETT,0,0,1,1
VAUCLUSE,0,0,0,1
VENDOME,0,0,0,1
VERBOORT,0,0,0,1
VERDE,0,0,0,1
WARHORSE,0,0,0,1
VERSHAL,0,0,1,0
VERSON,0,0,0,1
VEYO,0,0,0,1
VIA,0,0,0,1
VICKTON,0,0,1,0
VIDA,0,0,0,1
VILLARD,0,0,1,0
VILLY,0,0,1,1
VINCOM,0,0,0,1
VISION,0,0,0,1
VITROFF,0,0,1,0
VO,0,0,1,0
VOATS,0,0,1,1
VOLBORG,0,0,1,1
WAGRAM,0,0,1,1
WAGONWHEEL,0,0,1,1
WAHEE,0,0,1,1
WAHPENAYO,0,0,1,1
WALBERT,0,0,0,1
WALDBILLIG,0,0,1,0
WALKNOLLS,0,0,1,0
WALSTEAD,0,0,1,1
WALTHAM,0,0,1,1
WARFIELD,0,0,1,0
WEINGART,0,0,1,1
WARNE,0,0,1,1
WARWOOD,0,0,1,1
WASDA,0,0,0,1
WASILLA,0,0,0,1
WATERDOG,0,0,1,0
WATSONDRAW,0,0,1,0
WAYWEST,0,0,1,0
WEEDMARK,0,0,1,1
WEEDZUNIT,0,0,0,1
WEEKSVILLE,0,0,0,1
WELBY,0,0,0,1
WESTFIELD,0,0,1,1
WESTINDIAN,0,0,1,0
WESTMORELAND,0,0,0,1
WETPARK,0,1,0,0
WHARTON,0,0,1,1
WHEATBELT,0,0,0,1
WHISTLESTOP,0,0,0,1
WHITE STORE,0,1,0,0
WHITEACORN,0,0,1,0
WHITEARTH,0,0,1,1
WHITEFISH,0,0,0,1
WHITEMARSH,0,0,1,1
WHITEPINE,0,0,0,1
WHITEWATER,0,0,1,0
WOLFTRAP,0,0,0,1
WHITLASH,0,0,1,0
WHITNEY,0,0,1,0
WHITORE,0,0,1,0
WHITTINGTON,0,0,1,1
WOODMANSIE,0,0,1,1
WICKES,0,0,1,0
WIDEN,0,0,1,1
WIDEWATER,0,0,1,1
WIDGETT,0,0,0,1
WILDE,0,0,0,1
WILDELL,0,0,1,1
WILDGEN,0,0,1,0
WILEYFLAT,0,0,1,0
WILHELM,0,0,1,0
WILLAPA,0,0,1,1
WILLIWAKAS,0,0,1,1
WILLOW,0,0,1,1
WILSALL,0,1,0,0
WILSPRING,0,0,0,1
WIMPER,0,0,1,0
WINDICREEK,0,0,1,0
WINDLASS,0,0,0,1
WINFALL,0,0,1,0
WINGINAW,0,0,0,1
WINIFRED,0,0,1,1
WINKLER,0,0,1,0
WINONA,0,1,0,0
WINSHIP,0,0,0,1
WINSPECT,0,0,1,0
WINTERCANYON,0,0,1,0
WINWELL,0,0,1,0
WISBY,0,0,1,0
WIST,0,0,0,1
WONDER,0,0,1,0
WONDERLAND,0,0,1,1
WOODGULCH,0,0,0,1
WOODHURST,0,0,1,0
WOODPASS,0,0,0,1
WOODSTOWN,0,0,1,1
WOOLWINE,0,0,1,1
WORK,0,0,1,0
WOROCK,0,0,1,0
XERIBRUSH,0,0,1,0
WOVER,0,0,0,1
YADKIN,0,0,0,1
YAMACALL,0,0,1,0
YAPLE,0,0,1,0
YARDLEY,0,0,0,1
YEGEN,0,0,0,1
YELJACK,0,0,0,1
YELLOWBAY,0,0,1,1
YELLOWMULE,0,0,1,0
YENSUS,0,0,0,1
YEOMAN,0,0,0,1
YEOPIM,0,0,1,1
YETULL,0,0,1,0
YMARK,0,0,0,1
YNOT,0,0,1,1
YOHN,0,0,0,1
YOLO,0,0,0,1
YORK,0,0,0,1
YOURAME,0,0,1,1
YREKA,0,0,1,0
YSIDORA,0,0,0,1
ZADE,0,0,0,1
ZAHILL,0,0,0,1
ZANESVILLE,0,0,0,1
ZANGO,0,0,1,1
ZATONY,0,0,1,1
ZATOVILLE,0,0,1,1
ZBART,0,0,0,1
ZEALE,0,0,1,0
ZEESIX,0,0,0,1
ZEKIAH,0,0,0,1
ZELDA,0,0,0,1
ZER,0,1,0,0
ZION,0,0,1,1
ZONITE,0,0,0,1
ZUBER,0,0,0,1
ZYGORE,0,0,1,1
ZYZYL,0,0,0,1
