"hzname","top_cm","bottom_cm","matric_dry_color_hue","matrix_dry_color_value","matrix_dry_color_chroma","matrix_wet_color_hue","matrix_wet_color_value","matrix_wet_color_chroma","series","MO_region"
"O1",0,6,"5YR",2,2,"5YR",3,3,"Eshamy",1
"O2",6,13,"5YR",3,2,"5YR",3,3,"Eshamy",1
"C1",13,17,"7.5YR",5,4,"",,,"Eshamy",1
"O22",17,34,"5YR",3,3,"5YR",3,4,"Eshamy",1
"IIC2",34,85,"5GY",5,1,"",,,"Eshamy",1
"O11",0,18,"5YR",3,3,"5YR",6,3,"Nanek",1
"O12",18,41,"5YR",2,2,"5YR",3,2,"Nanek",1
"A1f",41,82,"7.5YR",3,2,"5YR",3,4,"Nanek",1
"Cgf",82,85,"5GY",5,1,"",,,"Nanek",1
"A1",0,18,"10YR",4,2,"10YR",2,2,"Nagitsy",1
"A2",18,33,"10YR",4,2,"10YR",2,2,"Nagitsy",1
"AB",33,58,"10YR",4,2,"7.5YR",3,2,"Nagitsy",1
"Bw",58,81,"7.5YR",5,,"7.5YR",3,3,"Nagitsy",1
"Oi",0,5,"5YR",5,2,"",,,"Mosman",1
"Oa",5,18,"10YR",2,1,"",,,"Mosman",1
"E",18,21,"10YR",4,3,"",,,"Mosman",1
"Bhs",21,46,"10YR",3,3,"",,,"Mosman",1
"R",46,,"",,,"",,,"Mosman",1
"Oi",0,3,"",,,"",,,"Hollow",1
"A",3,6,"10YR",3,3,"",,,"Hollow",1
"C1",6,47,"10YR",4,2,"",,,"Hollow",1
"C2",47,,"10YR",4,2,"",,,"Hollow",1
"Oi",0,3,"",,,"",,,"Tsirku",1
"A",3,6,"10YR",4,2,"",,,"Tsirku",1
"C1",6,108,"2.5Y",4,2,"10YR",4,2,"Tsirku",1
"C2",108,156,"5YR",4,2,"",,,"Tsirku",1
"A1",0,13,"10YR",5,3,"10YR",4,3,"Wapi",1
"C1",13,26,"10YR",5,3,"10YR",4,3,"Wapi",1
"C2",26,41,"10YR",5,3,"10YR",4,3,"Wapi",1
"C3",41,46,"10YR",5,3,"10YR",4,3,"Wapi",1
"IIR",46,49,"",,,"",,,"Wapi",1
"O1",0,3,"",,,"",,,"Thornton",1
"O2",3,6,"",,,"",,,"Thornton",1
"A1",6,12,"2.5Y",4,2,"2.5Y",7,2,"Thornton",1
"C1",12,121,"2.5Y",8,2,"10YR",8,1,"Thornton",1
"C2",121,159,"5YR",7,2,"5Y",8,1,"Thornton",1
"E",0,8,"10YR",6,2,"10YR",4,2,"Catchell",1
"2Bt1",8,36,"10YR",5,3,"1-YR",3,4,"Catchell",1
"2Bt2",36,44,"10YR",5,3,"10YR",3,4,"Catchell",1
"2Btk",44,69,"10YR",5,3,"10YR",3,4,"Catchell",1
"2Bk",69,79,"10YR",6,3,"10YR",4,3,"Catchell",1
"3Bkqm",79,81,"",,,"",,,"Catchell",1
"4R",81,,"",,,"",,,"Catchell",1
"O1",0,3,"",,,"",,,"Thader",1
"O2",3,10,"10YR",2,1,"",,,"Thader",1
"E",10,13,"10YR",4,1,"10YR",6,1,"Thader",1
"Bhs1",13,23,"5YR",2,2,"7.5YR",4,4,"Thader",1
"Bhs2",23,43,"7.5YR",3,3,"7.5YR",4,4,"Thader",1
"BC",43,71,"7.5YR",4,4,"10YR",6,4,"Thader",1
"2R",71,,"",,,"",,,"Thader",1
"Oi",0,3,"5YR",2.5,2,"",,,"Chichagof",1
"Oa",3,30,"5YR",2.5,2,"",,,"Chichagof",1
"A",30,41,"2.5Y",3,1,"",,,"Chichagof",1
"Acg",41,53,"5GY",3,1,"",,,"Chichagof",1
"Cgf",53,206,"5BG",4,1,"",,,"Chichagof",1
"O1",0,3,"",,,"",,,"Yahne",1
"A",3,23,"10YR",6,3,"",,,"Yahne",1
"2AE",23,41,"10YR",6,3,"10YR",4,3,"Yahne",1
"2Bt1",41,84,"10YR",5,4,"10YR",3,3,"Yahne",1
"2Bt2",84,152,"10YR",5,4,"10YR",3,3,"Yahne",1
"Oi",0,9,"",,,"",,,"Chilkoot",1
"A",9,20,"5YR",5,2,"",,,"Chilkoot",1
"C1",20,173,"5YR",5,2,"10YR",4,1,"Chilkoot",1
"Oa",0,20,"N",2,,"",,,"Chuckriver",1
"A",20,33,"N",2,,"",,,"Chuckriver",1
"Bw",33,46,"10YR",3,1,"",,,"Chuckriver",1
"R",46,,"",,,"",,,"Chuckriver",1
"Oi",0,10,"",,,"",,,"Coal Creek",1
"Oe",10,15,"5YR",2,2,"",,,"Coal Creek",1
"A",15,23,"10YR",2,2,"2.5Y",4,2,"Coal Creek",1
"Cg1",23,38,"5YR",3,2,"7.5YR",3,2,"Coal Creek",1
"Cg2",38,53,"5GY",4,1,"2.5Y",4,4,"Coal Creek",1
"2Cg3",53,206,"5GY",4,1,"",,,"Coal Creek",1
"Oi",0,3,"",,,"",,,"Standup",1
"A",3,15,"10YR",6,2,"10YR",3,3,"Standup",1
"2Bw1",15,51,"10YR",7,2,"10YR",5,3,"Standup",1
"2Bw2",51,69,"10YR",7,2,"10YR",6,3,"Standup",1
"2C",69,157,"10YR",7,2,"10YR",6,3,"Standup",1
"Oi",0,10,"7.5YR",3,4,"",,,"Copper River",1
"Oe",10,23,"10YR",2,1,"",,,"Copper River",1
"A",23,30,"10YR",2,1,"10YR",2,2,"Copper River",1
"Af",30,56,"10YR",2,1,"10YR",2,2,"Copper River",1
"Oe",0,5,"",,,"",,,"Cispus",1
"A",5,28,"10YR",3,2,"10YR",5,2,"Cispus",1
"Bw",28,41,"10YR",5,4,"10YR",8,4,"Cispus",1
"C",41,117,"10YR",8,8,"10YR",8,4,"Cispus",1
"2Bwb",117,160,"10YR",4,4,"10YR",6,3,"Cispus",1
"Oi",0,8,"",,,"",,,"St. Nicholas",1
"Oa",8,18,"5R",2,1,"",,,"St. Nicholas",1
"E",18,23,"7.5YR",3,1,"",,,"St. Nicholas",1
"Bhs1",23,30,"10YR",2,2,"10YR",7,8,"St. Nicholas",1
"Bhs2",30,53,"10YR",2,2,"10YR",7,8,"St. Nicholas",1
"R",53,,"",,,"",,,"St. Nicholas",1
"Oi",0,3,"",,,"",,,"Spasski",1
"Oa",3,33,"",,,"",,,"Spasski",1
"Bw",33,43,"7.5YR",3,2,"",,,"Spasski",1
"BCg",43,56,"5GB",5,1,"10YR",4,6,"Spasski",1
"Cg",56,185,"5GB",5,1,"",,,"Spasski",1
"Oi",0,8,"",,,"",,,"Coville",1
"C1",8,10,"10YR",4,1,"",,,"Coville",1
"C2",10,58,"N",4,,"",,,"Coville",1
"Oi",0,15,"7.5YR",3,4,"",,,"Dadina",1
"Oe",15,25,"7.5YR",3,2,"",,,"Dadina",1
"A",25,33,"10YR",3,3,"",,,"Dadina",1
"2C1",33,43,"10YR",4,4,"10YR",4,3,"Dadina",1
"2C2",43,81,"10YR",4,2,"",,,"Dadina",1
"2Cf",81,107,"10YR",4,2,"",,,"Dadina",1
"Ap",0,13,"10YR",2,1,"10YR",4,2,"Sifton",1
"Al1",13,25,"10YR",2,2,"10YR",4,2,"Sifton",1
"Al2",25,41,"10YR",2,2,"10YR",4,2,"Sifton",1
"2C1",41,61,"10YR",3,3,"10YR",4,3,"Sifton",1
"2C2",61,152,"10YR",3,2,"10YR",4,3,"Sifton",1
"A",0,8,"10YR",5,2,"10YR",3,2,"Shawmount",1
"AB",8,25,"10YR",5,3,"10YR",3,3,"Shawmount",1
"Bt1",25,41,"10YR",5,4,"10YR",3,4,"Shawmount",1
"Bt2",41,66,"10YR",5,4,"10YR",3,4,"Shawmount",1
"Bt3",66,97,"10YR",5,4,"10YR",3,4,"Shawmount",1
"E",97,122,"10YR",6,4,"",,,"Shawmount",1
"C",122,152,"10YR",7,4,"10YR",5,4,"Shawmount",1
"Oe",0,5,"10YR",2,1,"",,,"Eklutna",1
"C",5,152,"2.5Y",4,2,"",,,"Eklutna",1
"Oi",0,5,"",,,"",,,"Sharatin",1
"C",5,8,"10YR",6,4,"",,,"Sharatin",1
"2C",8,25,"10YR",6,3,"",,,"Sharatin",1
"3A2b",25,33,"5YR",3,2,"",,,"Sharatin",1
"3A3b",33,41,"5YR",3,4,"5YR",3,2,"Sharatin",1
"3AC1",41,51,"5YR",3,4,"10YR",4,4,"Sharatin",1
"3AC2",51,91,"5YR",3,4,"",,,"Sharatin",1
"4C",64,91,"",,,"",,,"Sharatin",1
"Oi",0,3,"",,,"",,,"Dick",1
"Oe",3,5,"",,,"",,,"Dick",1
"E1",5,8,"10YR",5,2,"10YR",7,1,"Dick",1
"E2",8,13,"10YR",4,3,"10YR",7,3,"Dick",1
"E3",13,61,"10YR",5,3,"10YR",7,4,"Dick",1
"B",61,127,"2.5Y",5,4,"2.5Y",7,4,"Dick",1
"2B",127,157,"2.5Y",4,4,"2.5Y",7,4,"Dick",1
"A",0,15,"10YR",6,2,"10YR",4,2,"Dirtyhead",1
"Bk1",15,41,"10YR",6,2,"10YR",5,2,"Dirtyhead",1
"Bk2",41,66,"10YR",7,2,"10YR",6,3,"Dirtyhead",1
"Bk2",66,97,"10YR",7,2,"10YR",5,3,"Dirtyhead",1
"Cr",97,,"",,,"",,,"Dirtyhead",1
"Oe",0,8,"5YR",2,2,"",,,"Salonie",1
"C1",8,13,"10YR",7,1,"",,,"Salonie",1
"C2",13,18,"10YR",6,4,"",,,"Salonie",1
"2C1",18,25,"10YR",6,4,"",,,"Salonie",1
"2C2",25,33,"10YR",5,2,"",,,"Salonie",1
"3Ab",33,36,"5YR",2,2,"",,,"Salonie",1
"3Cb",36,56,"5YR",4,1,"",,,"Salonie",1
"4C",56,86,"",,,"",,,"Salonie",1
"O1",0,8,"5YR",2,2,"7.5YR",5,4,"Easley",1
"O2",8,13,"5YR",2,1,"",,,"Easley",1
"A1",13,23,"10YR",3,1,"5YR",2,1,"Easley",1
"C1g",23,33,"5Y",4,1,"10YR",4,4,"Easley",1
"C2g",33,41,"5Y",4,1,"2.5Y",4,4,"Easley",1
"A1",0,5,"10YR",3,4,"10YR",5,4,"Wellsdale",1
"A2",5,20,"10YR",3,4,"10YR",5,4,"Wellsdale",1
"BA",20,61,"7.5YR",3,4,"7.5YR",5,4,"Wellsdale",1
"Bt1",61,86,"7.5YR",4,4,"7.5YR",5,4,"Wellsdale",1
"Bt2",86,145,"7.5YR",5,6,"7.5YR",5,4,"Wellsdale",1
"BCt",145,165,"7.5YR",5,6,"7.5YR",5,4,"Wellsdale",1
"Oi",0,8,"",,,"",,,"Nataga",1
"A",8,10,"10YR",3,2,"",,,"Nataga",1
"C1",10,41,"10YR",4,2,"",,,"Nataga",1
"C2",41,163,"10YR",4,2,"",,,"Nataga",1
"Oe",0,5,"5YR",2.5,2,"",,,"Fanshaw",1
"Oa",5,23,"5YR",2.5,2,"",,,"Fanshaw",1
"E",23,28,"10YR",4,1,"",,,"Fanshaw",1
"Bhsm",28,38,"5YR",2.5,1,"",,,"Fanshaw",1
"Bhs",38,99,"2.5YR",2.5,2,"",,,"Fanshaw",1
"C",99,175,"7.5YR",4,4,"",,,"Fanshaw",1
"Oi",0,3,"",,,"",,,"Revel",1
"Oa",3,5,"",,,"",,,"Revel",1
"A",5,15,"7.5YR",4,4,"7.5YR",5,4,"Revel",1
"Bs",15,46,"7.5YR",4,4,"10YR",5,4,"Revel",1
"C",46,94,"10YR",4,4,"10YR",6,4,"Revel",1
"2Cr",94,,"",,,"",,,"",1
"A",0,5,"7.5YR",4,2,"7.5YR",3,2,"Reck",1
"BA",5,13,"7.5YR",4,2,"7.5YR",3,2,"Reck",1
"Bt",13,23,"7.5YR",5,4,"7.5YR",4,4,"Reck",1
"Btss1",23,51,"7.5YR",5,4,"7.5YR",5,4,"Reck",1
"Btss2",51,79,"7.5YR",6,4,"7.5YR",5,4,"Reck",1
"B't1",79,107,"7.5YR",6,4,"7.5YR",5,4,"Reck",1
"B't2",107,117,"7.5YR",7,4,"7.5YR",5,4,"Reck",1
"2BC",117,152,"7.5YR",7,4,"7.5YR",4,4,"Reck",1
"Oi",0,5,"10YR",3,4,"10YR",2,2,"Frostcircle",1
"AC",5,10,"2.5Y",3,2,"",,,"Frostcircle",1
"2Cgjj1",10,20,"5Y",4,1,"7.5YR",4,6,"Frostcircle",1
"2Cgjj2",20,38,"5Y",4,1,"",,,"Frostcircle",1
"2Cg",38,120,"5Y",4,1,"",,,"Frostcircle",1
"2Cgf",120,152,"5Y",4,1,"",,,"Frostcircle",1
"Oi",0,28,"2.5YR",2.5,2,"",,,"Frostcircle",1
"Oe",28,38,"10YR",2,1,"",,,"Frostcircle",1
"A",8,43,"10YR",2,2,"5Y",4,1,"Frostcircle",1
"2Cgf",43,152,"5Y",4,1,"",,,"Frostcircle",1
"A",0,10,"10YR",5,2,"10YR",3,2,"Qualridge",1
"Bt1",10,20,"10YR",4,3,"10YR",3,3,"Qualridge",1
"Bt2",20,48,"10YR",5,3,"10YR",3,3,"Qualridge",1
"Bt3",48,117,"10YR",6,3,"10YR",5,3,"Qualridge",1
"C",117,152,"10YR",7,3,"10YR",6,3,"Qualridge",1
"O1",0,20,"5YR",2,1,"",,,"Yukon",1
"A1",20,25,"10YR",3,1,"2.5Y",4,4,"Yukon",1
"C1",25,48,"2.5Y",4,2,"",,,"Yukon",1
"C2",48,61,"2.5Y",4,2,"",,,"Yukon",1
"C3",61,71,"5Y",4,2,"",,,"Yukon",1
"A1",0,8,"10YR",5,2,"10YR",3,2,"Patelzick",1
"Bt",8,20,"10YR",5,2,"10YR",3,2,"Patelzick",1
"Bk1",20,36,"10YR",6,3,"10YR",4,3,"Patelzick",1
"Bk2",36,43,"10YR",7,3,"10YR",5,3,"Patelzick",1
"Bkqm",43,46,"10YR",8,2,"10YR",6,3,"Patelzick",1
"R",48,,"",,,"",,,"Patelzick",1
"O1",0,5,"5YR",2,2,"",,,"Goodhope",1
"O2",5,8,"10YR",3,1,"",,,"Goodhope",1
"C1",8,15,"10YR",4,2,"",,,"Goodhope",1
"C2",15,33,"2.5Y",4,4,"",,,"Goodhope",1
"C3",33,119,"2.5Y",4,4,"2.5Y",5,4,"Goodhope",1
"Oi",0,13,"2.5YR",2.5,2,"",,,"Goodview",1
"A1",13,23,"10R",2.5,2,"10YR",3,3,"Goodview",1
"A2",23,28,"10R",2.5,2,"10YR",3,3,"Goodview",1
"2R",28,,"",,,"",,,"Goodview",1
"Oi",0,15,"",,,"",,,"Grewingk",1
"Oe",15,23,"5YR",2,2,"",,,"Grewingk",1
"E",23,28,"2.5Y",4,2,"10YR",4,3,"Grewingk",1
"Bs1",28,36,"5YR",3,2,"5YR",3,4,"Grewingk",1
"2Bs2",36,46,"7.5YR",3,4,"5YR",2,2,"Grewingk",1
"3C1",46,69,"5Y",4,3,"",,,"Grewingk",1
"4C2",69,86,"5Y",5,3,"",,,"Grewingk",1
"O2",0,5,"10YR",2,1,"",,,"Greybo",1
"A1",5,53,"10YR",5,3,"",,,"Greybo",1
"A2",53,99,"10YR",6,3,"10YR",4,3,"Greybo",1
"B1",99,152,"10YR",6,3,"10YR",4,3,"Greybo",1
"B2",152,157,"10YR",6,4,"10YR",4,3,"Greybo",1
"A1",0,10,"10YR",2,1,"10YR",4,1,"Oxbow",1
"A2",10,20,"10YR",2,1,"10YR",4,1,"Oxbow",1
"Bt1",20,30,"10YR",2,2,"10YR",4,2,"Oxbow",1
"Bt2",30,46,"10YR",3,3,"10YR",4,3,"Oxbow",1
"Btk",46,69,"10YR",4,4,"10YR",5,4,"Oxbow",1
"2Bkqm",69,76,"",,,"",,,"Oxbow",1
"3C",76,152,"",,,"",,,"Oxbow",1
"Oi",0,10,"2.5YR",3,1,"",,,"Ogtna",1
"Oa",10,15,"10YR",2,1,"",,,"Ogtna",1
"A1",15,25,"10YR",3,3,"10YR",2,1,"Ogtna",1
"A2",25,48,"10YR",3,3,"10YR",2,1,"Ogtna",1
"2C",48,168,"",,,"",,,"Ogtna",1
"Oi",0,5,"",,,"",,,"Waterfall",1
"C",5,48,"7.5YR",5,6,"",,,"Waterfall",1
"R",48,,"",,,"",,,"Waterfall",1
"Oa",0,20,"2.5YR",2.5,2,"",,,"Helm",1
"A",20,28,"10YR",4,1,"",,,"Helm",1
"Cg",28,46,"10YR",5,1,"7.5YR",5,8,"Helm",1
"R",46,,"",,,"",,,"Helm",1
"Oe",0,5,"",,,"",,,"Newaukum",1
"A",5,28,"10YR",2,2,"10YR",4,3,"Newaukum",1
"Bw1",28,46,"10YR",3,3,"10YR",5,4,"Newaukum",1
"Bw2",46,69,"10YR",3,4,"10YR",6,4,"Newaukum",1
"Bw3",69,109,"10YR",4,4,"10YR",7,4,"Newaukum",1
"BC",109,135,"7.5YR",4,6,"7.5YR",6,6,"Newaukum",1
"C",135,157,"7.5YR",4,4,"7.5YR",7,4,"Newaukum",1
"Oi",0,5,"",,,"",,,"Naukati",1
"Oe",5,13,"10YR",2,1,"",,,"Naukati",1
"E",13,18,"10YR",5,2,"",,,"Naukati",1
"Bhs",18,20,"2.5YR",3,2,"",,,"Naukati",1
"Bs",20,25,"2.5YR",3,2,"",,,"Naukati",1
"C",25,53,"2.5Yr",3,2,"",,,"Naukati",1
"R",53,,"",,,"",,,"Naukati",1
"Oi ",0,5,"",,,"",,,"Skagway",1
"Oe",5,10,"",,,"",,,"Skagway",1
"A",10,15,"10YR",3,3,"",,,"Skagway",1
"C1",15,53,"10YR",4,2,"10YR",5,4,"Skagway",1
"C2",53,163,"10YR",4,2,"",,,"Skagway",1
"Oi",0,10,"",,,"",,,"Minchumina",1
"Oe",10,25,"",,,"",,,"Minchumina",1
"A",25,41,"N",2,0,"",,,"Minchumina",1
"Cf",41,66,"10YR",3,2,"",,,"Minchumina",1
"Oa",0,20,"10YR",2,1,"",,,"Kasiana",1
"Bw1",20,36,"7.5YR",3,2,"7.5YR",3,4,"Kasiana",1
"Bw2",36,56,"7.5YR",3,2,"7.5YR",3,4,"Kasiana",1
"C",56,173,"2.5Y",4,2,"",,,"Kasiana",1
"A",0,3,"10YR",5,1,"10YR",5,2,"Keerins",1
"Bt",3,20,"10YR",4,1,"10YR",3,2,"Keerins",1
"Btk1",20,28,"10YR",4,3,"10YR",3,3,"Keerins",1
"Btk2",28,41,"10YR",5,1,"10YR",4,3,"Keerins",1
"Cr",41,46,"",,,"",,,"Keerins",1
"R",46,,"",,,"",,,"Keerins",1
"A1",0,10,"10YR",7,2,"10YR",4,3,"Kiesel",1
"B21t",10,18,"10YR",6,2,"10YR",4,2,"Kiesel",1
"B22t",18,28,"10YR",6,3,"10YR",4,3,"Kiesel",1
"B23t",28,56,"10YR",7,2,"10YR",4,3,"Kiesel",1
"C1ca",56,102,"10YR",7,1,"10YR",5,3,"Kiesel",1
"C2ca",102,102,"10YR",7,1,"10YR",5,3,"Kiesel",1
"Ap",0,15,"10YR",3,2,"10YR",5,2,"Kitsap",1
"Bw1",15,25,"10YR",4,3,"10YR",,3,"Kitsap",1
"Bw2",25,43,"10YR",4,3,"10YR",6,3,"Kitsap",1
"BC",43,81,"2.5Y",5,2,"2.5Y",7,2,"Kitsap",1
"C",81,152,"2.5Y",5,4,"2.5Y",6,2,"Kitsap",1
"Oi",0,13,"5YR",3,2,"",,,"Mendeltna",1
"Oe",13,23,"5YR",2.5,1,"",,,"Mendeltna",1
"A",23,28,"10YR",3,2,"",,,"Mendeltna",1
"2C",28,64,"5Y",4,2,"",,,"Mendeltna",1
"2Cf",64,86,"5Y",4,2,"",,,"Mendeltna",1
"Oi",0,8,"10YR",2,1,"",,,"Klanelneechena",1
"Oe1",8,20,"10YR",2,1,"",,,"Klanelneechena",1
"Oe2",20,30,"2.5YR",2.5,2,"",,,"Klanelneechena",1
"A",30,33,"10YR",2,2,"",,,"Klanelneechena",1
"2C",33,71,"10YR",3,1,"",,,"Klanelneechena",1
"2Cf",71,97,"10YR",3,1,"",,,"Klanelneechena",1
"Oi",0,13,"5YR",3,2,"",,,"Klawasi",1
"Oe",13,23,"5YR",2.5,1,"",,,"Klawasi",1
"A",23,28,"6.5YR",3,1,"",,,"Klawasi",1
"AB",28,33,"7.5YR",3,2,"",,,"Klawasi",1
"2C",33,58,"5Y",4,2,"",,,"Klawasi",1
"2Cf",58,84,"5Y",4,2,"",,,"Klawasi",1
"Oi",0,18,"7.5YR",4,2,"",,,"Kuslina",1
"Oe",18,25,"10YR",2,2,"",,,"Kuslina",1
"A",25,36,"10YR",2,2,"10YR",2,1,"Kuslina",1
"2C1",36,43,"2.5Y",3,2,"",,,"Kuslina",1
"2C2",43,53,"2.5Y",3,2,"",,,"Kuslina",1
"2Cf",43,79,"2.5Y",3,2,"",,,"Kuslina",1
"Oi",0,5,"5YR",2.5,2,"",,,"Kwatahein",1
"Oe",5,23,"5YR",2.5,1,"",,,"Kwatahein",1
"Oa",23,30,"5YR",2.5,1,"",,,"Kwatahein",1
"E",30,33,"7.5YR",5,2,"",,,"Kwatahein",1
"Bhs",33,51,"5YR",2.5,2,"",,,"Kwatahein",1
"Bs",51,71,"5YR",4,6,"",,,"Kwatahein",1
"C",71,185,"7.5YR",5,8,"",,,"Kwatahein",1
"O1",0,25,"7.5YR",4,4,"",,,"Medfra",1
"A1",25,33,"10YR",2,2,"",,,"Medfra",1
"C1",33,61,"2.5Y",4,4,"10YR",4,3,"Medfra",1
"C2f",61,79,"5Y",4,3,"5Y",5,1,"Medfra",1
"Ap",0,13,"10YR",4,3,"10YR",3,2,"Manastash",1
"AB",13,25,"10YR",5,3,"10YR",3,3,"Manastash",1
"Bt1",25,38,"10YR",5,3,"10YR",3,3,"Manastash",1
"Bt2",38,56,"10YR",4,4,"10YR",3,4,"Manastash",1
"Btk",56,64,"7.5YR",4,4,"7.5YR",3,4,"Manastash",1
"2Bkqm1",64,107,"10YR",8,1,"10YR",6,3,"Manastash",1
"2Bkqm2",107,152,"",,,"",,,"Manastash",1
"Oe",0,18,"5YR",3,3,"",,,"Magnetic",1
"Oa",18,36,"7.5YR",3,2,"",,,"Magnetic",1
"C",36,76,"5Y",5,2,"",,,"Magnetic",1
"R",76,0,"",,,"",,,"Magnetic",1
"Oi",0,3,"",,,"",,,"Angle",1
"A",3,8,"10YR",7,2,"",,,"Angle",1
"E",8,20,"10YR",7,2,"10YR",4,3,"Angle",1
"Bt1",20,61,"10YR",7,4,"10YR",5,6,"Angle",1
"Bt2",61,109,"10YR",8,4,"10YR",6,4,"Angle",1
"C",107,155,"",,,"",,,"Angle",1
"O1",0,3,"",,,"",,,"Yainax",1
"A1",3,15,"10YR",3,2,"10YR",6,2,"Yainax",1
"A2",15,38,"10YR",4,2,"10YR",7,2,"Yainax",1
"B1",38,64,"10YR",4,3,"10YR",7,2,"Yainax",1
"B2",64,81,"10YR",4,3,"10YR",5,2,"Yainax",1
"Cr",81,97,"10YR",7,3,"10YR",5,4,"Yainax",1
"Oi",0,3,"",,,"",,,"Utsalady",1
"E",3,5,"2.5YR",6,1,"2.5Y",7,1,"Utsalady",1
"Bw1",5,38,"10YR",4,6,"10YR",5,6,"Utsalady",1
"Bw2",38,79,"2.5Y",4,4,"2.5Y",5,4,"Utsalady",1
"Bw3",79,107,"2.5Y",4,2,"2.5Y",5,2,"Utsalady",1
"C",107,127,"2.5Y",4,2,"2.5Y",5,2,"Utsalady",1
"Cg1",127,140,"2.5Y",4,2,"2.5Y",5,2,"Utsalady",1
"Cg2",140,152,"10YR",4,3,"10YR",5,4,"Utsalady",1
"O1",0,13,"5YR",2,2,"",,,"Umiat",1
"O2",13,20,"5YR",2,1,"",,,"Umiat",1
"A1f",20,28,"10YR",3,2,"10YR",2,1,"Umiat",1
"C1f",28,61,"10YR",4,2,"10YR",2,2,"Umiat",1
"A1",0,3,"10YR",5,3,"",,,"Arrowhead",2
"A2",3,13,"10YR",5,3,"",,,"Arrowhead",2
"BAt",13,23,"7.5YR",5,3,"",,,"Arrowhead",2
"Bt1",23,38,"7.5YR",6,4,"7.5YR",5,6,"Arrowhead",2
"Bt2",38,81,"7.5YR",6,6,"",,,"Arrowhead",2
"R",81,0,"",,,"",,,"Arrowhead",2
"Ap",0,13,"10YR",5,3,"7.5YR",3,2,"Modjeska",2
"B1",13,36,"7.5YR",5,2,"7.5YR",3,2,"Modjeska",2
"B2",36,71,"5YR",5,3,"",,,"Modjeska",2
"B3",71,119,"5YR",5,3,"5YR",5,3,"Modjeska",2
"C",119,160,"7.5YR",6,4,"",,,"Modjeska",2
"A11",0,18,"10YR",6,2,"10YR",5,4,"Huichica",2
"A12",18,36,"10YR",6,3,"10YR",4,3,"Huichica",2
"A2",36,58,"10YR",7,2,"10YR",5,3,"Huichica",2
"B2t",58,76,"10YR",5,2,"10YR",3,2,"Huichica",2
"C1m",76,91,"2.5Y",8,2,"10YR",4,3,"Huichica",2
"C2m",91,119,"2.5Y",8,2,"10YR",4,3,"Huichica",2
"C3",119,145,"10YR",8,2,"10YR",5,2,"Huichica",2
"A",0,10,"10YR",6,2,"",,,"Seaman",2
"C1",10,36,"10YR",6,2,"",,,"Seaman",2
"C2",36,61,"10YR",7,2,"10YR",4,3,"Seaman",2
"A",0,10,"10YR",5,3,"10YR",4,3,"Jackpot",2
"Bw",10,28,"10YR",6,3,"10YR",4,3,"Jackpot",2
"C",28,0,"",,,"",,,"Jackpot",2
"An",0,13,"10YR",3,2,"",,,"Chinarise",2
"Bn1",13,23,"10YR",3,2,"10YR",5,1,"Chinarise",2
"Bn2",23,46,"10YR",3,2,"10YR",5,1,"Chinarise",2
"Bw1",46,74,"10YR",3,2,"10YR",5,1,"Chinarise",2
"Bw2",74,127,"10YR",3,3,"10YR",6,2,"Chinarise",2
"C",127,152,"10YR",4,2,"10YR",7,2,"Chinarise",2
"A1",0,5,"2.5Y",6,2,"",,,"Biddleman",2
"A2",5,10,"2.5Y",6,2,"",,,"Biddleman",2
"Btn1",10,25,"2.5Y",6,2,"",,,"Biddleman",2
"Btn2",25,38,"10YR",5,3,"10YR",4,3,"Biddleman",2
"2Bk",38,61,"10YR",7,2,"10YR",5,2,"Biddleman",2
"2C",61,152,"10YR",7,2,"10YR",5,2,"Biddleman",2
"A1",0,5,"10YR",4,2,"",,,"Sawabe",2
"A2",5,13,"10YR",6,2,"",,,"Sawabe",2
"A3",13,20,"10YR",7,1,"",,,"Sawabe",2
"Bt1",20,30,"7.5YR",5,4,"7.5YR",4,4,"Sawabe",2
"Bt2k",38,56,"7.5YR",7,4,"7.5YR",4,4,"Sawabe",2
"Bqkm",38,56,"10YR",6,6,"10YR",7,3,"Sawabe",2
"Ap",0,15,"10YR",2,2,"",,,"Kaupo",2
"B2",15,48,"10YR",3,2,"10YR",5,2,"Kuapo",2
"C1",48,69,"10YR",3,2,"10YR",4,2,"Kuapo",2
"C2",69,0,"",,,"",,,"Kuapo",2
"Ap",0,38,"10YR",3,2,"",,,"Keaau",2
"B21",38,66,"10YR",3,2,"",,,"Keaau",2
"B22",66,86,"7.5YR",3,2,"",,,"Keaau",2
"C1",86,99,"10YR",8,2,"",,,"Keaau",2
"C2",99,145,"10YR",7,3,"",,,"Keaau",2
"A11",0,5,"10YR",5,2,"",,,"Cima",2
"A12",5,18,"10YR",5,2,"",,,"Cima",2
"B2",18,61,"2.5Y",5,4,"",,,"Cima",2
"C",61,99,"10YR",5,4,"",,,"Cima",2
"R",99,0,"",,,"",,,"Cima",2
"A",0,5,"10YR",5,3,"",,,"Xyno",2
"C",5,28,"10YR",5,3,"",,,"Xyno",2
"Cr",28,51,"",,,"",,,"Xyno",2
"A11",0,10,"10YR",3,3,"",,,"Kitchen",2
"A12",10,30,"10YR",3,3,"",,,"Kitchen",2
"A13",30,53,"10YR",4,3,"",,,"Kitchen",2
"B1",53,71,"10YR",6,2,"",,,"Kitchen",2
"B2t",71,107,"10YR",6,3,"",,,"Kitchen",2
"B3t",107,137,"10YR",7,3,"10YR",6,3,"Kitchen",2
"C1",137,185,"10YR",8,2,"10YR",3,1,"Kitchen",2
"A11",0,3,"10YR",5,3,"10YR",4,2,"Reefridge ",2
"A12",3,13,"2.5Y",6,4,"2.5Y",4,4,"Reefridge ",2
"A13",13,36,"2.5Y",6,4,"2.5Y",4,4,"Reefridge ",2
"C1",36,41,"2.5Y",6,4,"2.5Y",4,4,"Reefridge ",2
"C2cacs",41,117,"2.5Y",5,4,"2.5Y",4,4,"Reefridge ",2
"Cr",122,0,"5Y",6,2,"2.5Y",6,6,"Reefridge ",2
"A1",0,20,"10YR",5,2,"",,,"Stopatoe",2
"A2",20,36,"10YR",5,2,"",,,"Stopatoe",2
"Bt1",36,53,"10YR",5,4,"",,,"Stopatoe",2
"Bt2",53,79,"7.5YR",5,4,"7.5YR",4,4,"Stopatoe",2
"Cr",79,104,"",,,"",,,"Stopatoe",2
"A1",0,18,"10YR",5,2,"10YR",3,1,"Duff",2
"A2",18,36,"10YR",5,2,"",,,"Duff",2
"A3",36,53,"10YR",5,2,"",,,"Duff",2
"A4",53,69,"10YR",5,3,"",,,"Duff",2
"AC",69,94,"10YR",6,3,"10YR",4,3,"Duff",2
"C",94,145,"10YR",6,4,"10YR",4,4,"Duff",2
"R",145,152,"",,,"",,,"Duff",2
"Ap",0,25,"2.5Y",5,2,"",,,"Rossi",2
"Btn",25,53,"5Y",5,1,"5Y",3,1,"Rossi",2
"Btkn",53,107,"5Y",5,1,"5Y",3,1,"Rossi",2
"C1",107,137,"5Y",6,1,"2.5Y",4,2,"Rossi",2
"C2",132,152,"5Y",6,1,"2.5Y",4,2,"Rossi",2
"A1",0,15,"10YR",2,2,"10YR",4,2,"Paradise",2
"A2",15,48,"10YR",2,2,"10YR",4,1,"Paradise",2
"Bg",48,97,"10YR",6,2,"5YR",4,4,"Paradise",2
"Bk",97,152,"10YR",7,2,"10YR",8,1,"Paradise",2
"A",0,15,"2.5Y",3,2,"",,,"Apilam",2
"B",15,28,"2.5Y",4,2,"2.5Y",5,2,"Apilam",2
"2Bw1",28,38,"2.5Y",4,1,"2.5Y",4,4,"Apilam",2
"2Bw2",38,41,"2.5Y",4,1,"2.5Y",4,4,"Apilam",2
"2Bw3",41,69,"2.5Y",4,1,"2.5Y",4,3,"Apilam",2
"2Bw4",69,86,"2.5Y",4,2,"2.5Y",4,4,"Apilam",2
"3Bw5",86,112,"2.5Y",4,4,"2.5Y",4,1,"Apilam",2
"4Bd1",112,117,"2.5Y",4,1,"2.5Y",4,4,"Apilam",2
"4Bd2",117,127,"2.5Y",3,1,"2.5Y",4,2,"Apilam",2
"5C1",127,152,"2.5Y",3,1,"",,,"Apilam",2
"6C2",152,165,"2.5Y",3,1,"",,,"Apilam",2
"7C3",165,170,"2.5Y",3,1,"",,,"Apilam",2
"8Ab",170,203,"2.5Y",3,1,"",,,"Apilam",2
"Ap",,18,"10YR",5,2,"",,,"Corbiere",2
"Bw1",18,36,"10YR",5,2,"10YR",3,2,"Corbiere",2
"Bw2",36,56,"10YR",5,3,"10YR",3,3,"Corbiere",2
"2Bw",56,89,"10YR",5,3,"10YR",3,2,"Corbiere",2
"3Ab",89,117,"2.5Y",5,2,"2.5Y",3,2,"Corbiere",2
"3Bssb1",117,152,"2.5Y",5,2,"2.5Y",3,2,"Corbiere",2
"3Bssb2",152,188,"2.5",5,2,"2.5Y",3,2,"Corbiere",2
"3C1",188,241,"2.5Y",5,2,"2.5Y",4,4,"Corbiere",2
"3C2",244,290,"2.5Y",5,4,"10YR",5,1,"Corbiere",2
"O1",0,10,"5YR",3,2,"10YR",2,2,"Olokui",2
"A1g",10,20,"10YR",2,2,"5YR",2,2,"Olokui",2
"A2g",20,38,"10YR",3,2,"5YR",2,2,"Olokui",2
"Birm",38,41,"5YR",2,2,"",,,"Olokui",2
"C",41,102,"",,,"",,,"Olokui",2
"A1",0,5,"10YR",4,3,"10YR",4,3,"Rodad",2
"A2",5,20,"10YR",6,3,"10YR",4,3,"Rodad",2
"Bt1",18,20,"10YR",6,3,"10YR",4,3,"Rodad",2
"Bt2",20,30,"10YR",6,4,"10YR",4,4,"Rodad",2
"Cr",30,0,"",,,"",,,"Rodad",2
"A1",0,3,"10YR",5,2,"10YR",3,3,"Vinini",2
"A2",3,8,"10YR",7,2,"10YR",4,3,"Vinini",2
"Bt",8,20,"10YR",5,3,"10YR",4,3,"Vinini",2
"Btk",20,33,"10YR",5,3,"10YR",4,3,"Vinini",2
"Bqkm",33,76,"10YR",8,1,"",,,"Vinini",2
"R",76,0,"",,,"",,,"Vinini",2
"A",0,10,"10YR",3,2,"10YR",5,2,"Winlo",2
"Bw",10,23,"7.5YR",3,2,"7.5YR",5,2,"Winlo",2
"2Bqm",23,43,"5YR",4,6,"5YR",5,6,"Winlo",2
"2C1",43,61,"2.5Y",5,4,"10YR",7,4,"Winlo",2
"2C2",107,152,"2.5Y",5,4,"2.5Y",7,4,"Winlo",2
"Ap",0,20,"10YR",6,3,"10YR",4,3,"Sotoran",2
"BA",20,55,"10YR",6,3,"10YR",4,3,"Sotoran",2
"Bk",55,102,"10YR",6,3,"10YR",4,3,"Sotoran",2
"2C",102,162,"10YR",7,4,"10YR",5,4,"Sotoran",2
"A11",0,25,"10YR",5,2,"10YR",3,2,"Reward",2
"A12",25,61,"10YR",5,2,"1-YR",3,2,"Reward",2
"C1",61,99,"10YR",5,2,"10YR",3,2,"Reward",2
"C2",99,152,"10YR",6,3,"10YR",3,3,"Reward",2
"R",152,165,"",,,"",,,"Reward",2
"Oi",0,3,"",,,"",,,"Boomtown",2
"O2",0,3,"",,,"",,,"Boomtown",2
"A11",3,10,"10YR",4,2,"10YR",2,2,"Boomtown",2
"A12",10,38,"10YR",4,3,"10YR",3,2,"Boomtown",2
"A2",38,53,"10YR",6,4,"10YR",5,4,"Boomtown",2
"B2t",53,69,"10YR",7,4,"10Yr",6,8,"Boomtown",2
"B3t",104,135,"10YR",7,6,"10YR",6,8,"Boomtown",2
"C",135,155,"10YR",7,6,"10YR",6,8,"Boomtown",2
"Aknz",0,23,"10YR",7,1,"10YR",4,2,"Boravall",2
"Bkn",23,48,"10YR",7,2,"10YR",4,3,"Boravall",2
"BCkn",48,109,"10YR",7,3,"10YR",4,3,"Boravall",2
"Bkg",109,102,"5Y",7,1,"5Y",3,1,"Boravall",2
"Cg",102,152,"5Y",7,1,"5Y",3,1,"Boravall",2
"Ap",0,3,"10YR",7,2,"10YR",4,2,"Upspring",2
"A2",3,15,"10YR",7,2,"10YR",4,3,"Upspring",2
"Bk",15,20,"10YR",7,3,"10YR",4,3,"Upspring",2
"R",20,0,"",,,"",,,"Upspring",2
"A1",0,13,"10YR",7,2,"10YR",5,3,"Batan",2
"A2",13,23,"10YR",6,3,"10YR",4,3,"Batan",2
"Bq",23,48,"10YR",7,3,"10YR",5,3,"Batan",2
"Bqk1",48,76,"10YR",6,3,"10YR",4,3,"Batan",2
"Bqk2",76,112,"2.5Y",7,2,"2.5Y",5,2,"Batan",2
"Bqk3",112,160,"2.5Y",7,2,"2.5Y",5,2,"Batan",2
"2C",160,173,"10YR",7,3,"2.5Y",4,2,"Batan",2
"A",0,13,"10YR",6,3,"10YR",3,3,"Tulase",2
"C",13,28,"10YR",7,3,"1-YR",4,3,"Tulase",2
"Cq",28,51,"10YR",7,2,"10YR",5,4,"Tulase",2
"Cqk",51,97,"10YR",7,2,"10YR",5,4,"Tulase",2
"Cky",97,147,"10YR",7,2,"10YR",5,4,"Tulase",2
"Cy",147,178,"10YR",7,2,"10YR",5,4,"Tulase",2
"A",0,10,"10YR",6,2,"10YR",4,2,"Newpass",2
"Btn1",10,18,"7.5YR",4,4,"7.5YR",4,4,"Newpass",2
"Btn2",18,36,"7.5YR",4,4,"7.5YR",4,4,"Newpass",2
"Btk",36,43,"10YR",4,4,"10YR",4,4,"Newpass",2
"Bqk",43,61,"7.5YR",5,4,"7.5YR",4,4,"Newpass",2
"Bqkm",61,66,"",,,"",,,"Newpass",2
"R",66,0,"",,,"",,,"Newpass",2
"A",0,10,"10YR",5,2,"10YR",3,2,"Cablab",2
"A2",10,23,"10YR",5,2,"10YR",3,2,"Cablab",2
"A3",23,41,"10YR",5,2,"10YR",5,3,"Cablab",2
"AC",41,69,"10YR",6,3,"10YR",3,3,"Cablab",2
"Ab",69,84,"10YR",5,3,"10YR",3,3,"Cablab",2
"C",84,109,"10YR",6,3,"10YR",3,3,"Corbiere",2
"2C",109,152,"",,,"",,,"Cablab",2
"A",0,5,"10YR",7,2,"10YR",4,3,"Actem",2
"Bt",5,18,"10YR",5,3,"10YR",5,4,"Actem",2
"Btk",18,38,"10YR",6,4,"10YR",4,4,"Actem",2
"Bkqm",38,51,"10YR",8,3,"10YR",6,3,"Actem",2
"2B",51,0,"",,,"",,,"Actem",2
"A1",0,8,"10YR",6,2,"10YR",3,3,"Camptank",2
"A2",8,15,"10YR",6,2,"10YR",4,3,"Camptank",2
"Bt1",15,25,"10YR",4,3,"10YR",4,4,"Camptank",2
"Bt2",25,43,"10YR",5,4,"10YR",4,3,"Camptank",2
"2Bk",43,86,"10YR",5,3,"10YR",4,4,"Camptank",2
"2C",86,104,"10YR",6,3,"10YR",5,3,"Camptank",2
"3R",104,0,"",,,"",,,"Camptank",2
"A1",0,20,"10YR",5,2,"10YR",3,2,"Oquin",2
"A2",20,36,"10YR",5,2,"10YR",3,2,"Oquin",2
"Ak",36,61,"10YR",5,2,"10YR",3,3,"Oquin",2
"Ck",61,76,"10YR",6,2,"10YR",3,3,"Oquin",2
"Cr",79,94,"",,,"",,,"Oquin",2
"A1",0,5,"2.5Y",5,2,"10YR",3,2,"Oquin",2
"A2",5,30,"2.5Y",5,2,"10YR",3,2,"Oquin",2
"B2t",30,66,"10YR",5,3,"10YR",3,2,"Oquin",2
"C",66,0,"",,,"",,,"Oquin",2
"A",0,20,"10YR",5,2,"10YR",2,2,"Fiddler",2
"Bt1",20,28,"7.5YR",5,2,"7.5YR",3,2,"Fiddler",2
"Bt2",28,53,"7.5YR",5,6,"7.5YR",4,4,"Fiddler",2
"Bt3",53,66,"7.5YR",5,6,"7.5YR",4,4,"Fiddler",2
"R",66,0,"",,,"",,,"Fiddler",2
"O1",0,3,"",,,"",,,"Carioca",2
"A1",3,20,"10YR",5,3,"10YR",3,2,"Carioca",2
"A2",20,48,"10YR",6,3,"10YR",3,3,"Carioca",2
"A3",48,79,"10YR",6,3,"10YR",4,3,"Carioca",2
"B2t",79,104,"10YR",6,3,"10YR",4,3,"Carioca",2
"B3t",104,145,"10YR",6,3,"10YR",3,3,"Carioca",2
"C2r",145,193,"",,,"",,,"Carioca",2
"Ap",0,23,"10YR",4,1,"10YR",3,2,"Alamo",2
"Bw1",23,69,"10YR",4,1,"2.5Y",3,2,"Alamo",2
"Bw2",69,94,"10YR",4,2,"10YR",4,2,"Alamo",2
"Bkqm",94,102,"10YR",6,4,"",,,"Alamo",2
"Akn1",0,15,"2.5Y",3,2,"2.5Y",5,2,"Dentdraw",2
"Akn2",15,23,"5Y",3,2,"5Y",5,1,"Dentdraw",2
"Akn3",23,28,"5Y",3,2,"5Y",5,1,"Dentdraw",2
"Akn4",28,46,"5Y",3,2,"5Y",5,1,"Dentdraw",2
"2Bkn",46,69,"5Y",6,2,"5Y",7,1,"Dentdraw",2
"3C1",69,107,"2.5Y",5,3,"2.5Y",7,2,"Dentdraw",2
"3C2",107,132,"2.5Y",5,3,"2.5Y",6,2,"Dentdraw",2
"3C3",132,152,"2.5Y",4,3,"2.5Y",7,2,"Dentdraw",2
"A1",0,3,"10YR",5,2,"10YR",3,2,"Derallo",2
"A2",3,10,"10YR",5,2,"10YR",3,2,"Derallo",2
"AB",10,30,"10YR",5,2,"10YR",3,2,"Derallo",2
"Bt1",30,48,"10YR",5,3,"10YR",3,2,"Derallo",2
"Bt2",48,58,"10YR",5,3,"10YR",3,3,"Derallo",2
"Bt3",58,91,"10YR",5,3,"10YR",4,3,"Derallo",2
"Bt4",91,104,"10YR",6,3,"10YR",4,3,"Derallo",2
"Cr",104,130,"",,,"",,,"Derallo",2
"A1",0,5,"10YR",5,1,"10YR",3,1,"Paranat",2
"A2",5,18,"10YR",5,1,"10YR",3,1,"Paranat",2
"A3",18,50,"10YR",5,1,"10YR",3,1,"Paranat",2
"AC",50,79,"10YR",6,1,"10YR",3,1,"Paranat",2
"C1",79,91,"10YR",7,1,"2.5Y",5,2,"Paranat",2
"C2",91,122,"10YR",7,1,"2.5Y",5,2,"Paranat",2
"Ck",122,150,"10YR",7,2,"10YR",5,2,"Paranat",2
"A",0,10,"5YR",4,4,"",,,"Uwharrie",3
"BA",10,20,"5YR",5,8,"2.5YR",4,6,"Uwharrie",3
"Bt1",20,71,"2.5YR",4,8,"",,,"Uwharrie",3
"Bt2",71,91,"2.5YR",4,6,"10YR",7,6,"Uwharrie",3
"BC",91,178,"2.5YR",4,8,"7.5YR",7,2,"Uwharrie",3
"C",178,251,"2.5YR",4,6,"7.5YR",7,2,"Uwharrie",3
"O1",0,3,"",,,"",,,"Mysten",4
"O2",3,5,"",,,"",,,"Mysten",4
"A1",5,10,"7.5YR",5,2,"7.5YR",3,2,"Mysten",4
"C",10,157,"10YR",5,3,"10YR",4,3,"Mysten",4
"Ap",0,18,"10YR",5,3,"10YR",3,3,"Hagen",4
"Bw",18,38,"10YR",6,3,"10YR",4,3,"Hagen",4
"Bt1",38,74,"10YR",6,3,"10YR",4,3,"Hagen",4
"Bt2",74,132,"10YR",6,4,"10YR",4,4,"Hagen",4
"C",127,152,"10YR",6,4,"",,,"Hagen",4
"A1",0,5,"10YR",3,2,"10YR",2,1,"Adornado",4
"A2",5,28,"10YR",4,2,"10YR",3,2,"Adornado",4
"Bt",28,76,"10YR",5,2,"10YR",3,2,"Adornado",4
"2E",76,119,"10YR",8,1,"10YR",3,2,"Adornado",4
"2E",119,163,"10YR",8,1,"10YR",7,1,"Adornado",4
"2C",163,208,"10YR",8,1,"10YR",7,1,"Adornado",4
"Oi",0,5,"",,,"",,,"Ambrant",4
"Ei",5,15,"10YR",6,2,"10YR",4,2,"Ambrant",4
"E2",15,56,"2.5Y",6,2,"",,,"Ambrant",4
"Bt",56,104,"2.5Y",6,2,"2.5Y",4,2,"Ambrant",4
"Oi",0,5,"",,,"",,,"Ansel",4
"Oe",5,8,"",,,"",,,"Ansel",4
"E",8,20,"10YR",6,2,"10YR",4,2,"Ansel",4
"Bt",20,84,"7.5YR",5,4,"7.5YR",4,4,"Ansel",4
"C",84,152,"2.5Y",5,1,"7.5YR",5,4,"Ansel",4
"A",0,5,"10YR",5,2,"10YR",3,2,"Armenta",4
"Bw",5,25,"10YR",5,3,"10YR",3,3,"Armenta",4
"Bk",25,33,"10YR",6,3,"10YR",4,4,"Armenta",4
"E",33,140,"N",8,0,"",,,"Armenta",4
"C",140,203,"N",8,0,"",,,"Armenta",4
"Oi",0,3,"",,,"",,,"Bendemeere",4
"A",3,8,"10YR",5,3,"10YR",3,2,"Bendemeere",4
"E",8,25,"10YR",7,3,"10YR",5,3,"Bendemeere",4
"Bt1",25,53,"10YR",7,3,"7.5YR",6,4,"Bendemeere",4
"Bt2",53,76,"7.5YR",6,4,"7.5YR",7,4,"Bendemeere",4
"Bt3",76,107,"7.5YR",7,3,"7.5YR",4,4,"Bendemeere",4
"Bt4",107,127,"10YR",6,3,"10YR",4,2,"Bendemeere",4
"BC",127,157,"10YR",6,3,"10YR",4,3,"Bendemeere",4
"O1",0,5,"",,,"",,,"Billycreek",4
"E",5,25,"10YR",7,3,"10YR",5,3,"Billycreek",4
"A",25,66,"10YR",7,3,"10YR",5,3,"Billycreek",4
"R",66,0,"",,,"",,,"Billycreek",4
"Oi",0,3,"10YR",8,1,"10YR",6,2,"Blackburn",4
"Bw1",3,10,"10YR",7,3,"5YR",4,4,"Blackburn",4
"Bw2",10,28,"10YR",7,4,"7.5YR",7,6,"Blackburn",4
"2A",28,43,"10YR",7,2,"10YR",5,4,"Blackburn",4
"2B1",43,91,"10YR",5,4,"10YR",7,3,"Blackburn",4
"2B2",91,107,"7.5YR",5,6,"10YR",6,4,"Blackburn",4
"2Ckb",107,178,"",,,"",,,"Blackburn",4
"A",0,10,"10YR",4,2,"10YR",2,1,"Blackeleed",4
"B1",10,36,"10YR",6,4,"10YR",4,4,"Blackeleed",4
"B2",36,66,"7.5YR",6,6,"7.5YR",4,4,"Blackeleed",4
"C",66,102,"10YR",7,6,"7.5YR",5,6,"Blackeleed",4
"A1",0,18,"10YR",3,2,"10YR",2,2,"Cajete",4
"A2",18,38,"10YR",4,2,"10YR",3,2,"Cajete",4
"Bw",38,84,"10YR",6,3,"10YR",5,4,"Cajete",4
"Bt",84,114,"10YR",7,2,"10YR",6,3,"Cajete",4
"E",114,124,"10YR",7,3,"10YR",6,4,"Cajete",4
"Bt2",124,152,"10YR",7,2,"10YR",6,3,"Cajete",4
"Oe",0,5,"",,,"",,,"Canarway",4
"A",5,15,"10YR",3,1,"10YR",4,2,"Canarway",4
"C1",15,25,"10YR",4,2,"10YR",5,2,"Canarway",4
"C2",25,30,"10YR",4,2,"10YR",5,2,"Canarway",4
"2C3",30,152,"10YR",4,2,"10YR",5,2,"Canarway",4
"O1",0,5,"",,,"",,,"Castelleia",4
"O2",5,8,"",,,"",,,"Castelleia",4
"A1",8,18,"10YR",2,2,"",,,"Castelleia",4
"A2",18,33,"10YR",4,2,"",,,"Castelleia",4
"B",33,56,"10YR",5,2,"",,,"Castelleia",4
"B2t",56,74,"10YR",5,2,"",,,"Castelleia",4
"C1",74,89,"10YR",5,3,"",,,"Castelleia",4
"C2",89,259,"10YR",5,3,"10YR",4,3,"Castelleia",4
"C3",259,0,"",,,"",,,"Castelleia",4
"Oi",0,5,"",,,"",,,"Chickaman",4
"Bw",5,28,"10YR",5,4,"10YR",4,4,"Chickaman",4
"2E",28,51,"10YR",7,2,"10YR",5,2,"Chickaman",4
"Bt",51,81,"10YR",7,2,"10YR",5,3,"Chickaman",4
"2BC",81,152,"10YR",6,4,"10YR",5,4,"Chickaman",4
"Ap1",0,13,"10YR",5,3,"10YR",3,3,"Clayton",4
"Ap2",13,20,"10YR",5,3,"10YR",3,3,"Clayton",4
"Bt1",20,74,"10YR",6,3,"10YR",4,3,"Clayton",4
"Bt2",74,107,"10YR",6,3,"10YR",4,3,"Clayton",4
"Bt3",107,132,"10YR",6,3,"10YR",4,3,"Clayton",4
"C",132,157,"",,,"",,,"Clayton",4
"Ae",0,8,"",,,"",,,"Cora",4
"Alg",8,38,"2.5Y",6,1,"2.5Y",4,1,"Cora",4
"B2g",38,79,"5Y",6,3,"5Y",3,3,"Cora",4
"Cg",79,160,"5Y",7,2,"5Y",4,2,"Cora",4
"A",0,10,"10YR",5,3,"10YR",3,3,"Coyoteflats",4
"Bt1",10,23,"10YR",5,3,"10YR",4,3,"Coyoteflats",4
"Bt2",23,36,"10YR",5,3,"10YR",4,3,"Coyoteflats",4
"Bk1",36,51,"10YR",6,3,"10YR",5,4,"Coyoteflats",4
"Bk2",51,107,"10YR",7,3,"10YR",5,3,"Coyoteflats",4
"C",107,152,"10YR",6,4,"10YR",6,3,"Coyoteflats",4
"A1",0,20,"10YR",5,2,"10YR",3,2,"Dempsey",4
"A2",20,76,"10YR",5,2,"10YR",3,2,"Dempsey",4
"B2t",76,112,"2.5Y",5,3,"2.5Y",4,3,"Dempsey",4
"C",102,152,"2.5Y",6,3,"2.5Y",5,5,"Dempsey",4
"Oi",0,5,"",,,"",,,"Elkner",4
"E1",5,23,"10YR",6,3,"10YR",4,3,"Elkner",4
"E2",23,56,"10YR",6,4,"10YR",4,3,"Elkner",4
"Bt",56,97,"10YR",6,4,"10YR",4,3,"Elkner",4
"BC",97,152,"10YR",6,4,"10YR",4,3,"Elkner",4
"O1",0,3,"",,,"",,,"Elzinga",4
"A1",3,58,"10YR",3,1,"10YR",2,1,"Elzinga",4
"A21",58,69,"10YR",5,3,"10YR",3,3,"Elzinga",4
"A22",69,124,"10YR",6,3,"10YR",4,3,"Elzinga",4
"B",124,160,"10YR",6,3,"10YR",4,3,"Elzinga",4
"R",160,168,"",,,"",,,"Elzinga",4
"A1",0,20,"10YR",4,2,"10YR",2,2,"Garza",4
"A2",20,61,"10YR",5,2,"10YR",3,2,"Garza",4
"C",61,152,"10YR",5,2,"10YR",3,2,"Garza",4
"Ap",0,18,"10YR",5,3,"10YR",4,2,"Green Bluff",4
"Bt1",18,43,"10YR",6,3,"10YR",4,3,"Green Bluff",4
"Bt2",43,74,"10YR",7,2,"10YR",4,3,"Green Bluff",4
"Bt3",74,140,"10YR",6,3,"10YR",4,3,"Green Bluff",4
"C",140,152,"10YR",6,3,"10YR",4,3,"Green Bluff",4
"A",0,18,"5Y",4,2,"5Y",3,2,"Hanksville",4
"Cy",18,46,"5Y",4,2,"5Y",3,2,"Hanksville",4
"Cr",99,0,"",,,"",,,"Hanksville",4
"A",0,10,"10YR",4,2,"10YR",3,3,"Heflin",4
"BAt",10,18,"10YR",5,3,"10YR",4,3,"Heflin",4
"Bt1",18,36,"10YR",5,3,"10YR",4,3,"Heflin",4
"Bt2",36,64,"10YR",5,3,"10YR",4,3,"Heflin",4
"BC",64,91,"10YR",5,4,"10YR",4,4,"Heflin",4
"C",91,142,"10YR",6,3,"",,,"Heflin",4
"Cr",142,0,"",,,"",,,"Heflin",4
"Oi",0,8,"",,,"",,,"Holloway",4
"A",8,33,"10YR",6,4,"10YR",4,4,"Holloway",4
"2E",33,51,"10YR",7,2,"10YR",6,2,"Holloway",4
"Bt",51,140,"10YR",7,2,"10YR",6,3,"Holloway",4
"2C",140,152,"10YR",7,3,"10YR",6,3,"Holloway",4
"Oi",0,3,"",,,"",,,"Irim",4
"Ag",3,30,"10YR",4,1,"10YR",2,1,"Irim",4
"Bwg",30,155,"10YR",5,2,"10YR",4,2,"Irim",4
"Oi",0,3,"",,,"",,,"Kaniksu",4
"A",3,20,"10YR",6,3,"10YR",4,3,"Kaniksu",4
"Bt1",20,36,"10YR",6,4,"10YR",4,4,"Kaniksu",4
"Bt2",36,51,"10YR",6,4,"10YR",5,4,"Kaniksu",4
"Bt3",51,69,"10YR",6,3,"10YR",4,3,"Kaniksu",4
"Bt4",69,122,"10YR",6,3,"10YR",4,3,"Kaniksu",4
"C",122,155,"",,,"",,,"Kaniksu",4
"Oi",0,5,"",,,"",,,"Lantern",4
"E1",5,41,"10YR",7,2,"10YR",5,2,"Lantern",4
"Bt",71,104,"10YR",6,3,"10YR",5,4,"Lantern",4
"BC",104,152,"10YR",7,3,"10YR",5,3,"Lantern",4
"O1",0,5,"",,,"",,,"Leal",4
"O2",5,10,"",,,"",,,"Leal",4
"A2",10,20,"10YR",7,2,"10YR",6,2,"Leal",4
"B2ir",20,51,"10YR",5,4,"10YR",4,4,"Leal",4
"C",51,168,"2.5Y",6,2,"2.5Y",5,3,"Leal",4
"A",0,13,"10YR",6,3,"10YR",4,3,"Lilapoint",4
"Bw1",13,43,"10YR",6,4,"10YR",5,4,"Lilapoint",4
"Bw2",43,56,"10YR",7,4,"10YR",5,4,"Lilapoint",4
"Bw3",56,86,"10YR",7,4,"10YR",5,3,"Lilapoint",4
"C",86,152,"10YR",6,4,"7.5YR",5,4,"Lilapoint",4
"Oi",0,3,"",,,"",,,"Lionwood",4
"A",3,15,"10YR",4,2,"10YR",6,2,"Lionwood",4
"E1",15,46,"10YR",5,3,"10YR",6,3,"Lionwood",4
"E2",46,69,"10YR",5,3,"10YR",6,3,"Lionwood",4
"Bt",69,122,"10YR",7,4,"10YR",7,3,"Lionwood",4
"2Bt",122,135,"10YR",6,4,"10YR",7,4,"Lionwood",4
"3Bt",135,152,"10YR",5,4,"10YR",7,4,"Lionwood",4
"A",0,15,"10YR",6,3,"10YR",4,3,"Losmarios",4
"2Bw",15,46,"10YR",5,2,"10YR",4,2,"Losmarios",4
"2Bk",46,74,"10YR",5,2,"10YR",4,2,"Losmarios",4
"2C",74,152,"10YR",5,2,"10YR",4,2,"Losmarios",4
"Oi",0,2,"",,,"",,,"Lumpgulch",4
"A",2,7,"10YR",4,3,"",,,"Lumpgulch",4
"E",7,18,"10YR",6,2,"10YR",5,3,"Lumpgulch",4
"Bt",18,56,"2.5Y",5,4,"2.5Y",4,4,"Lumpgulch",4
"Cr",56,69,"",,,"",,,"Lumpgulch",4
"R",69,69,"",,,"",,,"Lumpgulch",4
"Oi",0,3,"",,,"",,,"Mammoth",4
"E",3,25,"10YR",6,3,"10YR",4,4,"Mammoth",4
"Bt1",25,41,"10YR",5,4,"7.5YR",5,4,"Mammoth",4
"Bt2",41,56,"10YR",5,4,"7.5YR",5,4,"Mammoth",4
"Bt3",56,81,"10YR",5,4,"7.5YR",4,6,"Mammoth",4
"Bt4",81,150,"7.5YR",5,6,"7.5YR",4,6,"Mammoth",4
"C",150,170,"7.5YR",4,6,"7.5YR",4,4,"Mammoth",4
"Oi",0,3,"",,,"",,,"Marble",4
"A",3,10,"10YR",5,2,"10YR",3,2,"Marble",4
"E",10,20,"10YR",6,3,"10YR",4,3,"Marble",4
"Bt1",20,69,"10YR",6,3,"10YR",4,3,"Marble",4
"Bt2",69,135,"10YR",6,3,"10YR",4,3,"Marble",4
"C",135,152,"",,,"",,,"Marble",4
"Oi",0,3,"",,,"",,,"Marblespring",4
"A1",3,5,"10YR",5,3,"10YR",3,2,"Marblespring",4
"A2",5,18,"10YR",7,3,"10YR",4,3,"Marblespring",4
"Bt1",18,69,"10YR",7,3,"10YR",4,3,"Marblespring",4
"Bt2",69,130,"10YR",7,3,"10YR",4,3,"Marblespring",4
"C",130,152,"",,,"",,,"Marblespring",4
"A1",0,8,"10YR",5,3,"10YR",3,2,"Mineral",4
"A2",8,20,"10YR",4,3,"10YR",3,3,"Mineral",4
"B2t",20,56,"7.5YR",6,4,"7.5YR",4,3,"Mineral",4
"Cca",56,117,"7.5YR",8,2,"7.5YR",6,3,"Mineral",4
"Oi",0,5,"",,,"",,,"Mitten",4
"Bw",5,28,"10YR",6,4,"10YR",4,4,"Mitten",4
"2E",28,46,"7.5YR",7,2,"7.5YR",5,2,"Mitten",4
"Bw",46,91,"7.5YR",7,2,"7.5YR",5,2,"Mitten",4
"2BC",91,152,"7.5YR",7,2,"7.5YR",5,2,"Mitten",4
"O1",0,5,"",,,"",,,"Montez",4
"A1",5,23,"10YR",4,2,"10YR",2,2,"Montez",4
"A2",23,61,"10YR",6,2,"7.5YR",5,6,"Montez",4
"B",61,76,"10YR",6,2,"7.5YR",5,6,"Montez",4
"B2t",76,97,"7.5YR",5,6,"10YR",4,4,"Montez",4
"B3t",97,109,"10YR",6,6,"",,,"Montez",4
"C",135,135,"10YR",6,6,"10YR",5,8,"Montez",4
"R",135,135,"",,,"",,,"Montez",4
"A1",0,8,"10YR",5,2,"10YR",3,3,"Nemote",4
"A2",8,25,"7.5YR",7,2,"7.5YR",4,2,"Nemote",4
"A3",25,56,"10YR",7,2,"10YR",4,2,"Nemote",4
"B1",56,79,"10YR",7,2,"10YR",4,2,"Nemote",4
"B2",79,165,"10YR",6,2,"10YR",7,2,"Nemote",4
"C",165,203,"10YR",7,2,"10YR",5,1,"Nemote",4
"Oi",0,5,"",,,"",,,"Newcomb",4
"E",5,36,"10YR",7,4,"10YR",6,4,"Newcomb",4
"Bt1",36,61,"10YR",6,4,"10YR",5,4,"Newcomb",4
"Bt2",61,91,"10YR",6,4,"10YR",5,4,"Newcomb",4
"Bt3",91,122,"10YR",6,4,"10YR",5,4,"Newcomb",4
"C",122,157,"",,,"",,,"Newcomb",4
"A1",0,15,"10YR",3,2,"",,,"Nordic",4
"A2",15,38,"10YR",3,2,"10YR",4,2,"Nordic",4
"A3",38,61,"10YR",4,4,"10YR",6,4,"Nordic",4
"A4",61,102,"10YR",4,5,"10YR",6,4,"Nordic",4
"Bt1",102,119,"7.5YR",5,6,"10YR",6,4,"Nordic",4
"Bt2",122,147,"7.5YR",5,6,"10YR",6,4,"Nordic",4
"C",147,178,"7.5YR",5,4,"10YR",6,4,"Nordic",4
"Oi",0,5,"",,,"",,,"Ohman",4
"A",5,13,"10YR",7,3,"10YR",4,2,"Ohman",4
"E",13,33,"7.5YR",7,4,"7.5YR",4,2,"Ohman",4
"Bt1",33,53,"7.5YR",7,6,"7.5YR",4,2,"Ohman",4
"Bt2",53,89,"7.5YR",6,6,"5YR",4,6,"Ohman",4
"C",89,89,"",,,"",,,"Ohman",4
"Oi",0,5,"",,,"",,,"Ovando",4
"E1",5,20,"10YR",6,4,"10YR",4,4,"Ovando",4
"E2",20,69,"10YR",7,2,"10YR",5,2,"Ovando",4
"Bt",69,130,"10YR",7,4,"10YR",5,4,"Ovando",4
"C",130,152,"10YR",6,3,"10YR",5,3,"Ovando",4
"Oi",0,3,"",,,"",,,"Pausant",4
"A",3,18,"10YR",5,2,"10YR",4,2,"Pausant",4
"Bw",18,33,"10YR",7,4,"10YR",4,3,"Pausant",4
"E1",33,41,"10YR",7,3,"10YR",5,3,"Pausant",4
"E2",41,91,"10YR",7,2,"10YR",6,2,"Pausant",4
"Bt",91,135,"10YR",7,1,"10YR",6,2,"Pausant",4
"2E",142,152,"10YR",8,2,"10YR",7,2,"Pausant",4
"3E",152,163,"10YR",7,2,"10YR",5,1,"Pausant",4
"3Bt1",163,229,"10YR",7,2,"1-YR",5,1,"Pausant",4
"4C",229,244,"",,,"",,,"Pausant",4
"Oi",0,8,"",,,"",,,"Petty",4
"Bw",8,38,"10YR",6,4,"10YR",4,4,"Petty",4
"2E",38,69,"10YR",7,4,"10YR",5,4,"Petty",4
"Bt",69,99,"10YR",7,4,"10YR",5,4,"Petty",4
"2C",99,152,"10YR",7,4,"10YR",5,4,"Petty",4
"Oi",0,3,"",,,"",,,"Pimsby",4
"A",3,13,"5YR",5,4,"5YR",3,4,"Pimsby",4
"E1",13,36,"5YR",6,4,"5YR",4,4,"Pimsby",4
"E2",36,61,"5YR",6,3,"5YR",4,3,"Pimsby",4
"Bt",61,119,"2.5YR",6,4,"2.5YR",4,4,"Pimsby",4
"C",119,152,"5YR",6,6,"5YR",5,6,"Pimsby",4
"Oi",0,5,"",,,"",,,"Redlock",4
"A",5,8,"10YR",4,2,"10YR",,4,"Redlock",4
"Bw",8,36,"10YR",4,4,"10YR",6,4,"Redlock",4
"2E",36,48,"10YR",4,4,"10YR",6,4,"Redlock",4
"Bt",48,61,"10YR",5,2,"10YR",7,2,"Redlock",4
"2Bt",61,76,"7.5YR",5,2,"7.5YR",6,2,"Redlock",4
"3E",76,102,"10YR",6,2,"10YR",7,2,"Redlock",4
"4Bt",102,117,"7.5YR",5,4,"7.5YR",7,2,"Redlock",4
"5E",117,142,"10YR",6,2,"10YR",7,2,"Redlock",4
"6Bt",142,152,"7.5YR",5,4,"7.5YR",7,2,"Redlock",4
"A",0,28,"7.5YR",4,2,"7.5YR",2,2,"Redtom",4
"E1",28,43,"5YR",6,3,"5YR",4,3,"Redtom",4
"E2",43,56,"5YR",6,3,"5YR",4,3,"Redtom",4
"Bt",56,102,"2.5YR",5,6,"2.5YR",4,4,"Redtom",4
"C",102,152,"2.5YR",5,6,"2.5YR",4,6,"Redtom",4
"A1",0,5,"10YR",5,2,"10YR",3,2,"Sanpitch",4
"A2",5,18,"10YR",5,2,"10YR",3,2,"Sanpitch",4
"C1ca",18,33,"7.5YR",7,2,"7.5YR",5,3,"Sanpitch",4
"C2ca",33,51,"7.5YR",7,2,"7.5YR",5,3,"Sanpitch",4
"C3ca",51,61,"7.5YR",7,2,"7.5YR",5,3,"Sanpitch",4
"C4",61,94,"7.5YR",6,2,"7.5YR",5,3,"Sanpitch",4
"C5",94,107,"7.5YR",8,2,"7.5YR",6,3,"Sanpitch",4
"C6",107,152,"7.5YR",8,2,"7.5YR",5,3,"Sanpitch",4
"Oi",0,3,"",,,"",,,"Scar",4
"Oe",3,5,"",,,"",,,"Scar",4
"E",5,8,"10YR",6,1,"10YR",5,1,"Scar",4
"Bs1",8,23,"7.5YR",5,6,"10YR",4,4,"Scar",4
"Bs2",23,30,"7.5YR",5,6,"7.5YR",4,2,"Scar",4
"C1",30,53,"5Y",5,1,"7.5YR",4,4,"Scar",4
"2C2",53,152,"5Y",7,2,"5Y",5,2,"Scar",4
"Oe",0,5,"10YR",2,2,"",,,"Scriver",4
"A1",5,13,"10YR",5,3,"10YR",3,2,"Scriver",4
"A2",13,28,"10YR",5,3,"10YR",3,3,"Scriver",4
"Bt",28,38,"10YR",6,3,"10YR",4,3,"Scriver",4
"E1",38,64,"10YR",5,3,"10YR",6,3,"Scriver",4
"E2",64,104,"10YR",5,3,"7.5YR",4,3,"Scriver",4
"E3",104,147,"",,,"",,,"Scriver",4
"Cr",147,178,"10YR",7,3,"5YR",4,3,"Scriver",4
"Oi",0,8,"",,,"",,,"Selway",4
"E1",8,28,"10YR",6,3,"10YR",4,3,"Selway",4
"E2",28,53,"10YR",7,2,"10YR",4,3,"Selway",4
"Bt1",53,97,"10YR",7,3,"10YR",5,4,"Selway",4
"Bt2",97,137,"10YR",6,6,"10YR",5,6,"Selway",4
"BC",137,152,"10YR",6,6,"10YR",5,6,"Selway",4
"A",0,20,"10YR",5,3,"10YR",4,3,"Shineberger",4
"BCk",20,43,"10YR",6,3,"10YR",4,5,"Shineberger",4
"Cr",43,152,"",,,"",,,"Shineberger",4
"Oi",0,3,"",,,"",,,"Spearhead",4
"A",3,94,"10YR",4,3,"10YR",3,3,"Spearhead",4
"Bk",94,155,"10YR",7,3,"10YR",5,3,"Spearhead",4
"A",0,10,"10YR",4,2,"10YR",3,2,"Suposo",4
"Bt",10,41,"10YR",5,2,"10YR",3,2,"Suposo",4
"Btk",41,79,"10YR",4,2,"10YR",3,2,"Suposo",4
"BCk",79,152,"10YR",5,3,"10YR",3,2,"Suposo",4
"Oi",0,5,"",,,"",,,"Tamarack",4
"E",5,13,"10YR",7,2,"10YR",5,2,"Tamarack",4
"Bw",13,36,"10YR",7,4,"10YR",4,4,"Tamarack",4
"Bt1",36,81,"10YR",7,3,"10YR",5,3,"Tamarack",4
"Bt2",81,117,"10YR",7,3,"10YR",5,3,"Tamarack",4
"2C",117,152,"10YR",6,3,"10YR",5,3,"Tamarack",4
"A1",0,20,"10YR",5,2,"10YR",3,2,"Tiagos",4
"A3",20,30,"10YR",5,3,"10YR",3,3,"Tiagos",4
"B2t",30,61,"10YR",5,3,"10YR",4,3,"Tiagos",4
"B3",61,71,"10YR",5,3,"10YR",4,3,"Tiagos",4
"C",71,152,"10YR",6,3,"10YR",4,3,"Tiagos",4
"Oe",0,3,"",,,"",,,"Tonahutu",4
"E",3,15,"10YR",6,3,"10YR",4,3,"Tonahutu",4
"Bt1",15,53,"10YR",6,3,"10YR",4,3,"Tonahutu",4
"Bt2",53,89,"10YR",6,3,"10YR",4,3,"Tonahutu",4
"E",89,114,"7.5YR",5,6,"7.5YR",4,6,"Tonahutu",4
"BC",114,157,"10YR",6,2,"10YR",4,2,"Tonahutu",4
"O1",0,3,"",,,"",,,"Toncana",4
"A1",3,10,"10YR",2,2,"10YR",3,2,"Toncana",4
"A2",10,30,"5YR",3,3,"7.5YR",4,3,"Toncana",4
"A3",30,61,"5YR",3,3,"7.5YR",4,3,"Toncana",4
"2Bt1",61,76,"5YR",3,4,"5YR",5,4,"Toncana",4
"2Bt2",76,102,"2.5YR",3,6,"5YR",5,4,"Toncana",4
"2Bt3",102,152,"2.5YR",3,6,"5YR",5,4,"Toncana",4
"Oi",0,3,"",,,"",,,"Truefissure",4
"Oa",3,8,"",,,"",,,"Truefissure",4
"A",8,15,"7.5YR",6,4,"7.5YR",3,4,"Truefissure",4
"Bw1",15,36,"10YR",6,4,"7.5YR",4,6,"Truefissure",4
"Bw2",36,61,"10YR",6,4,"7.5YR",4,4,"Truefissure",4
"2Bw3",61,107,"10YR",7,4,"10YR",5,4,"Truefissure",4
"2C",107,191,"2.5Y",7,4,"2.5Y",8,6,"Truefissure",4
"E",0,13,"10YR",6,2,"10YR",4,2,"Whaley",4
"A",13,25,"10YR",5,3,"10YR",8,2,"Whaley",4
"R",25,25,"",,,"",,,"Whaley",4
"Oi",0,5,"",,,"",,,"Whitore",4
"A",5,13,"10YR",4,2,"10YR",3,1,"Whitore",4
"Bw",13,36,"10YR",6,3,"10YR",4,3,"Whitore",4
"Bk1",36,64,"10YR",7,2,"10YR",5,3,"Whitore",4
"Bk2",64,152,"10YR",8,2,"10YR",6,2,"Whitore",4
"A",0,8,"10YR",5,2,"10YR",3,2,"Wicup",4
"Bt1",8,25,"10YR",5,3,"10YR",3,3,"Wicup",4
"Bt2",25,33,"10YR",5,3,"10YR",3,3,"Wicup",4
"Bt3",33,46,"10YR",5,4,"10YR",4,3,"Wicup",4
"Btkq",46,76,"10YR",6,3,"10YR",5,4,"Wicup",4
"Cr",76,155,"10YR",6,3,"10YR",5,4,"Wicup",4
"Oi",0,5,"",,,"",,,"Winkler",4
"A",5,13,"10YR",5,2,"10YR",3,2,"Winkler",4
"E1",13,25,"7.5YR",6,2,"7.5YR",5,2,"Winkler",4
"E2",25,69,"7.5YR",6,2,"7.5YR",5,2,"Winkler",4
"Bt",69,112,"7.5YR",6,2,"7.5YR",5,2,"Winkler",4
"C",112,152,"7.5YR",6,2,"7.5YR",4,2,"Winkler",4
"A1",0,13,"10YR",3,2,"10YR",2,2,"Winnemucca",4
"A2",13,28,"10YR",3,2,"10YR",2,2,"Winnemucca",4
"BA",28,46,"7.5YR",4,2,"7.5YR",3,2,"Winnemucca",4
"Bt1",46,61,"5YR",5,4,"5YR",4,4,"Winnemucca",4
"Bt2",61,71,"5YR",5,4,"5YR",4,4,"Winnemucca",4
"C",71,152,"5YR",6,4,"5YR",5,4,"Winnemucca",4
"Oi",0,3,"",,,"",,,"Woodgulch",4
"A",3,13,"10YR",5,2,"10YR",3,2,"Woodgulch",4
"E",13,36,"10YR",6,2,"10YR",4,2,"Woodgulch",4
"Bt1",36,79,"10YR",6,3,"10YR",4,3,"Woodgulch",4
"Bt2",79,130,"10YR",6,3,"10YR",4,3,"Woodgulch",4
"C",130,152,"2.5Y",6,2,"2.5Y",5,2,"Woodgulch",4
"Oi",0,5,"",,,"",,,"Woodrock",4
"Oe",5,8,"",,,"",,,"Woodrock",4
"A",8,13,"10YR",5,3,"10YR",3,3,"Woodrock",4
"E",13,28,"10YR",7,2,"10YR",5,2,"Woodrock",4
"B",28,41,"10YR",7,2,"10YR",5,3,"Woodrock",4
"Bt",41,74,"10YR",5,3,"10YR",4,3,"Woodrock",4
"BC",74,84,"10YR",6,4,"10YR",5,4,"Woodrock",4
"R",84,84,"",,,"",,,"Woodrock",4
"A1",0,36,"10YR",3,2,"10YR",2,2,"Harkers",4
"B1",36,48,"10YR",5,2,"10YR",3,2,"Harkers",4
"2Bt1",48,107,"7.5YR",5,4,"5YR",3,4,"Harkers",4
"2Bt2",107,147,"7.5YR",5,4,"5YR",3,4,"Harkers",4
"Cca",147,203,"10YR",6,4,"7.5YR",5,4,"Harkers",4
"A1",0,10,"10YR",5,2,"10YR",3,3,"Lantis",5
"2Bt",10,23,"10YR",5,3,"10YR",3,3,"Lantis",5
"3Bca",23,30,"10YR",6,3,"10YR",5,3,"Lantis",5
"A",0,25,"10YR",2,1,"10YR",4,1,"Loup",5
"Acg",25,38,"10YR",4,1,"10YR",5,1,"Loup",5
"Cg1",38,64,"10YR",5,1,"10YR",6,1,"Loup",5
"Cg2",64,122,"10YR",6,2,"10YR",7,2,"Loup",5
"Ab",122,200,"10YR",3,1,"10YR",5,2,"Loup",5
"A",0,20,"10YR",5,2,"10YR",4,2,"Langdon",5
"Bt",20,119,"7.5YR",5,4,"7.5YR",4,4,"Langdon",5
"C",119,163,"10YR",6,4,"10YR",5,4,"Langdon",5
"Btb",163,203,"10YR",5,4,"10YR",4,4,"Langdon",5
"A1",0,18,"10YR",4,2,"10YR",3,2,"Seldom",5
"A2",18,38,"10YR",4,2,"10YR",3,2,"Seldom",5
"Bkg1",38,86,"10YR",6,2,"10YR",5,2,"Seldom",5
"Bkg2",86,107,"10YR",8,1,"10YR",6,2,"Seldom",5
"Bkg3",107,152,"10YR",8,1,"10YR",6,2,"Seldom",5
"A1",0,13,"10YR",4,2,"10YR",3,2,"Nenzel",5
"A2",13,46,"10YR",4,1,"10YR",3,1,"Nenzel",5
"AC",46,84,"10YR",4,3,"10YR",3,3,"Nenzel",5
"Cg1",84,137,"10YR",6,2,"10YR",5,2,"Nenzel",5
"Cg2",137,203,"2.5Y",7,2,"2.5Y",6,2,"Nenzel",5
"Oi",0,2,"",,,"",,,"Roubaix",5
"AE",2,13,"10YR",3,2,"10YR",4,2,"Roubaix",5
"E",13,25,"10YR",5,3,"10YR",7,2,"Roubaix",5
"Bt1",25,36,"7.5YR",4,3,"7.5YR",5,4,"Roubaix",5
"Bt2",36,64,"7.5YR",3,4,"7.5YR",5,4,"Roubaix",5
"Bt3",64,81,"7.5YR",4,4,"7.5YR",5,4,"Roubaix",5
"2Bc",81,140,"7.5YR",5,4,"7.5YR",6,4,"Roubaix",5
"2C",140,200,"7.5YR",5,4,"7.5YR",6,4,"Roubaix",5
"Ap",0,20,"10YR",6,4,"10YR",5,4,"Pratt",5
"Bt",20,61,"10YR",6,6,"10YR",5,6,"Pratt",5
"E",61,163,"10YR",5,6,"10YR",6,6,"Pratt",5
"C",163,203,"10YR",6,4,"10YR",5,4,"Pratt",5
"A1",0,8,"10YR",2,2,"10YR",4,2,"Gillum",5
"A2",8,24,"10YR",2,2,"10YR",5,2,"Gillum",5
"BA",24,37,"10YR",4,3,"10YR",5,3,"Gillum",5
"Bt1",37,55,"10YR",4,3,"10YR",5,3,"Gillum",5
"Bt2",55,64,"10YR",3,3,"10YR",4,3,"Gillum",5
"Btk",64,91,"2.5Y",5,4,"2.5Y",6,4,"Gillum",5
"Bk1",91,108,"2.5Y",5,4,"2.5Y",6,4,"Gillum",5
"Bk2",108,140,"2.5Y",5,4,"2.5Y",6,4,"Gillum",5
"Bck",140,178,"2.5Y",5,4,"2.5Y",6,4,"Gillum",5
"2C",178,200,"10YR",5,4,"10YR",7,4,"Gillum",5
"A1",0,16,"10YR",3,2,"10YR",5,2,"Grinter",5
"A2",16,38,"10YR",3,3,"10YR",5,3,"Grinter",5
"AB",38,50,"10YR",4,3,"",,,"Grinter",5
"Bt1",50,94,"10YR",6,3,"7.5YR",5,4,"Grinter",5
"Bt2",94,137,"10YR",6,3,"7.5YR",5,4,"Grinter",5
"C1",137,167,"10YR",7,4,"",,,"Grinter",5
"C2",167,192,"10YR",6,4,"",,,"Grinter",5
"2C3",192,210,"10YR",5,4,"",,,"Grinter",5
"Ap",0,20,"10YR",3,1,"10YR",5,1,"Zoe",5
"A1",20,28,"10YR",2,1,"10YR",5,1,"Zoe",5
"A2",28,41,"10YR",2,1,"10YR",4,1,"Zoe",5
"Az",41,61,"10YR",3,1,"10YR",4,1,"Zoe",5
"ACg",61,91,"2.5Y",3,2,"2.5Y",5,2,"Zoe",5
"Cg",91,152,"2.5Y",4,2,"2.5Y",6,2,"Zoe",5
"A1",0,8,"10YR",5,2,"10YR",3,3,"Xavier",5
"A2",8,13,"10YR",5,2,"10YR",3,3,"Xavier",5
"2Bt1",13,25,"10YR",4,3,"10YR",3,3,"Xavier",5
"B3",25,41,"10YR",6,3,"10YR",4,3,"Xavier",5
"1Cca",41,69,"2.5Y",7,3,"2.5Y",5,3,"Xavier",5
"2Cca",69,91,"2.5Y",6,3,"2.5Y",4,3,"Xavier",5
"3C",91,157,"2.5Y",6,3,"2.5Y",4,3,"Xavier",5
"Oe",0,3,"10YR",3,1,"",,,"Alticrest",6
"A",3,5,"10YR",3,3,"",,,"Alticrest",6
"E",5,25,"10YR",4,3,"10YR",3,3,"Alticrest",6
"Bw1",25,38,"10YR",4,4,"10YR",5,4,"Alticrest",6
"Bw2",38,58,"7.5YR",5,6,"",,,"Alticrest",6
"Bw3",58,79,"7.5YR",5,4,"",,,"Alticrest",6
"C",79,81,"10YR",6,3,"10YR",5,3,"Alticrest",6
"R",81,81,"",,,"",,,"Alticrest",6
"Oi",0,3,"10YR",2,1,"",,,"Wrightsville",6
"A",3,5,"10YR",4,2,"",,,"Wrightsville",6
"Eg1",5,25,"10YR",5,2,"",,,"Wrightsville",6
"Eg2",25,43,"10YR",6,1,"10YR",5,8,"Wrightsville",6
"E",43,58,"10YR",5,1,"",,,"Wrightsville",6
"Btg1",58,99,"10YR",5,1,"10YR",7,2,"Wrightsville",6
"Btg2",99,124,"2.5Y",6,2,"10YR",7,2,"Wrightsville",6
"Btg3",124,157,"2.5Y",6,2,"7.5YR",5,8,"Wrightsville",6
"Btg4",157,183,"10YR",5,1,"10YR",7,2,"Wrightsville",6
"Oi",0,3,"",,,"",,,"Beech Grove",6
"A",3,8,"10YR",2,2,"",,,"Beech Grove",6
"R",8,8,"",,,"",,,"Beech Grove",6
"Ap",0,25,"10YR",4,3,"10YR",5,4,"Henlopen",6
"E",25,56,"10YR",6,4,"10YR",5,6,"Henlopen",6
"Bt1",56,117,"7.5YR",5,6,"10YR",5,6,"Henlopen",6
"Bt2",117,157,"7.5YR",5,6,"10YR",5,6,"Henlopen",6
"Bt3",157,203,"2.5Y",7,4,"10YR",7,3,"Henlopen",6
"Ap",0,8,"10YR",4,2,"",,,"Bays",6
"Bw",8,41,"7.5YR",5,6,"75YR",5,6,"Bays",6
"C",41,48,"7.5YR",5,6,"",,,"Bays",6
"Cr",48,48,"",,,"",,,"Bays",6
"Oi",0,3,"7.5YR",3,4,"",,,"Mount Lucas",6
"A",3,10,"10YR",2,2,"",,,"Mount Lucas",6
"E",10,25,"10YR",5,4,"",,,"Mount Lucas",6
"BE",25,46,"10YR",4,6,"",,,"Mount Lucas",6
"Bt1",46,79,"7.5YR",5,6,"7.5YR",5,2,"Mount Lucas",6
"Bt2",79,117,"7.5YR",5,4,"7.5YR",6,2,"Mount Lucas",6
"2Bt",117,155,"5YR",5,6,"5YR",2.5,1,"Mount Lucas",6
"2C",155,185,"5YR",4,6,"5YR",2.5,1,"Mount Lucas",6
"Ap",0,28,"10YR",4,3,"",,,"Galestown",6
"Bt1",28,74,"10YR",5,6,"",,,"Galestown",6
"Bt2",99,102,"7.5YR",4,6,"",,,"Galestown",6
"BC",102,130,"7.5YR",5,6,"",,,"Galestown",6
"C1",130,147,"10YR",6,6,"",,,"Galestown",6
"C2",147,165,"10YR",6,6,"7.5YR",4,6,"Galestown",6
"Oe",0,3,"10YR",3,1,"",,,"Vanderlip",6
"A",3,10,"10YR",3,2,"",,,"Vanderlip",6
"E",10,56,"10YR",5,4,"",,,"Vanderlip",6
"Bt1",56,94,"10YR",6,4,"10YR",4,3,"Vanderlip",6
"Bt2",94,175,"7.5YR",6,4,"7.5YR",4,4,"Vanderlip",6
"C",175,198,"7.5YR",5,6,"",,,"Vanderlip",6
"Ap",0,23,"10YR",5,3,"10YR",7,3,"Hartz",6
"Bt1",23,43,"10YR",5,6,"10YR",6,4,"Hartz",6
"Bt2",43,74,"10YR",5,6,"10YR",5,4,"Hartz",6
"Btg",74,86,"10YR",7,2,"10YR",6,1,"Hartz",6
"2Bt1",86,99,"10YR",5,6,"10YR",6,2,"Hartz",6
"2Bt2",99,122,"7.5YR",5,6,"10YR",6,1,"Hartz",6
"2Bt3",122,165,"10YR",5,6,"10YR",6,2,"Hartz",6
"2Bt4",165,191,"10YR",4,4,"10YR",6,2,"Hartz",6
"2Btk",191,203,"10YR",4,4,"10YR",6,2,"Hartz",6
"Oi",0,5,"",,,"",,,"Runclint",6
"Ap",5,28,"10YR",3,3,"",,,"Runclint",6
"E1",28,61,"10YR",5,6,"",,,"Runclint",6
"B",61,107,"5YR",5,8,"10YR",6,4,"Runclint",6
"E2",107,124,"10YR",6,4,"10YR",7,2,"Runclint",6
"Bt",124,155,"10YR",6,4,"10YR",5,6,"Runclint",6
"C",155,188,"10YR",6,3,"10YR",7,1,"Runclint",6
"Ap",0,20,"10YR",4,3,"",,,"Sandview",6
"Bt1",23,48,"10YR",5,6,"7.5YR",4,4,"Sandview",6
"Bt2",48,71,"10YR",5,6,"7.5YR",4,4,"Sandview",6
"Bt3",71,89,"10YR",5,6,"7.5YR",7,3,"Sandview",6
"2Bt4",89,119,"10YR",5,6,"7.5YR",4,4,"Sandview",6
"2Bt5",119,142,"10YR",5,6,"7.5YR",4,4,"Sandview",6
"2Bt6",142,163,"10YR",5,6,"2.5YR",5,4,"Sandview",6
"2BC",163,178,"10YR",5,6,"10YR",4,4,"Sandview",6
"2C",178,198,"10YR",5,6,"10YR",4,4,"Sandview",6
"2R",198,198,"",,,"",,,"Sandview",6
"A",0,20,"10YR",3,3,"10YR",6,3,"Midco",6
"C1",20,43,"7.5YR",5,6,"",,,"Midco",6
"C2",43,66,"7.5YR",5,6,"",,,"Midco",6
"C3",66,152,"7.5YR",5,6,"",,,"Midco",6
"Ap",0,20,"10YR",3,3,"10YR",5,3,"Secesh",6
"BE",20,28,"7.5YR",5,6,"10YR",3,3,"Secesh",6
"Bt1",28,48,"7.5YR",5,6,"",,,"Secesh",6
"Bt2",48,69,"7.5YR",5,6,"",,,"Secesh",6
"2Bt3",69,99,"5YR",4,6,"",,,"Secesh",6
"2Bt4",99,130,"5YR",5,8,"",,,"Secesh",6
"2Bt5",130,165,"7.5YR",5,8,"5YR",4,6,"Secesh",6
"Ap",0,20,"10YR",4,3,"10YR",5,3,"Annapolis",6
"Bt1",20,38,"7.5YR",4,6,"2.5YR",4,6,"Annapolis",6
"Bt2",38,69,"7.5YR",4,6,"2.5YR",4,6,"Annapolis",6
"Bt3",69,155,"2.5YR",4,3,"",,,"Annapolis",6
"CB",155,203,"7.5YR",4,6,"2.5YR",3,3,"Annapolis",6
"Oe",0,3,"",,,"",,,"Drandridge",6
"A",3,8,"10YR",4,3,"",,,"Drandridge",6
"Bt1",8,18,"10YR",5,4,"10YR",4,4,"Drandridge",6
"Bt2",18,30,"10YR",5,4,"10YR",4,4,"Drandridge",6
"BC",30,43,"10YR",6,4,"",,,"Drandridge",6
"Cr",43,89,"",,,"",,,"Drandridge",6
"R",89,89,"",,,"",,,"Drandridge",6
"Ap",0,18,"10YR",4,3,"",,,"Lakin",6
"E",18,28,"10YR",5,4,"",,,"Lakin",6
"Bt1",28,43,"10YR",5,6,"10YR",4,3,"Lakin",6
"Bt2",43,152,"10YR",5,4,"7.5YR",4,4,"Lakin",6
"C",152,203,"10YR",5,3,"",,,"Lakin",6
"A",0,15,"10YR",4,1,"10YR",5,6,"Stelltown",6
"E",15,28,"2.5Y",6,4,"2.5Y",6,6,"Stelltown",6
"Bt1",28,69,"10YR",6,6,"10YR",5,8,"Stelltown",6
"Bt2",69,104,"10YR",5,6,"5YR",5,6,"Stelltown",6
"Bt3",104,203,"10YR",5,6,"",,,"Stelltown",6
"A",0,10,"10YR",3,2,"10YR",5,2,"Syenite",6
"E",10,20,"10YR",5,4,"",,,"Syenite",6
"Bt1",20,33,"7.5YR",5,4,"",,,"Syenite",6
"2Bt2",33,53,"7.5YR",4,4,"",,,"Syenite",6
"2BC",53,76,"7.5YR",5,4,"10YR",6,3,"Syenite",6
"2R",76,76,"",,,"",,,"Syenite",6
"A",0,13,"10YR",5,1,"",,,"Daytona",7
"E",13,91,"10YR",8,1,"10YR",5,1,"Daytona",7
"Bh",91,97,"10YR",2,1,"5YR",3,3,"Daytona",7
"Bw",97,119,"10YR",5,4,"5YR",2,2,"Daytona",7
"C",119,203,"10YR",6,2,"10YR",5,4,"Daytona",7
"A",0,5,"10YR",3,1,"10YR",2,1,"Handsboro",7
"Oa1",5,25,"10YR",3,2,"",,,"Handsboro",7
"Oa2",25,71,"10YR",3,2,"",,,"Handsboro",7
"Oa3",71,94,"10YR",3,1,"10YR",3,2,"Handsboro",7
"C1",94,99,"10YR",4,2,"",,,"Handsboro",7
"Oa4",99,109,"10YR",3,1,"10YR",3,2,"Handsboro",7
"C2",109,114,"10YR",4,2,"",,,"Handsboro",7
"Oa5",114,127,"10YR",3,1,"10YR",3,2,"Handsboro",7
"A",0,5,"10YR",6,2,"",,,"Wadley",7
"E1",5,76,"10YR",7,3,"",,,"Wadley",7
"E2",76,137,"10YR",7,4,"10YR",7,6,"Wadley",7
"Bt1",137,183,"10YR",7,2,"10YR",5,8,"Wadley",7
"Bt2",183,203,"10YR",5,8,"10YR",7,3,"Wadley",7
"Ap",0,33,"10YR",4,3,"",,,"Freeland",7
"Bt1",33,51,"10YR",4,4,"",,,"Freeland",7
"Bt2",51,69,"10YR",5,6,"",,,"Freeland",7
"Bt3",69,91,"10YR",5,6,"",,,"Freeland",7
"E",91,104,"10YR",7,1,"10YR",5,4,"Freeland",7
"Btx1",104,127,"10YR",5,6,"10YR",6,1,"Freeland",7
"2Btx2",127,170,"2.5Y",7,2,"2.5Y",5,6,"Freeland",7
"2Btx3",170,201,"10YR",5,6,"10YR",6,2,"Freeland",7
"A",0,8,"10YR",4,1,"",,,"Alpin",7
"E1",8,86,"10YR",6,4,"",,,"Alpin",7
"E2",86,137,"10YR",7,4,"",,,"Alpin",7
"Bt1",137,178,"10YR",8,3,"10YR",5,8,"Alpin",7
"Bt2",178,229,"10YR",8,2,"10YR",5,8,"Alpin",7
"Bt3",229,361,"10YR",8,3,"10YR",5,8,"Alpin",7
"Bt4",361,376,"10YR",7,4,"",,,"Alpin",7
"A",0,10,"10YR",4,2,"",,,"Memphis",7
"E",10,23,"10YR",4,3,"",,,"Memphis",7
"Bt1",23,58,"7.5YR",4,4,"",,,"Memphis",7
"Bt2",58,104,"7.5YR",4,4,"",,,"Memphis",7
"Bt3",104,130,"7.5YR",4,4,"",,,"Memphis",7
"C",130,203,"7.5YR",4,4,"",,,"Memphis",7
"A",0,13,"10YR",4,1,"",,,"Candler",7
"E1",13,69,"10YR",7,6,"",,,"Candler",7
"E2",69,170,"10YR",7,8,"",,,"Candler",7
"Bt1",170,241,"10YR",7,4,"10YR",8,2,"Candler",7
"Bt2",241,277,"10YR",7,4,"10YR",8,2,"Candler",7
"Bt3",277,292,"10YR",6,6,"",,,"Candler",7
"Ap",0,15,"10YR",4,1,"",,,"Jumper",7
"E1",15,38,"10YR",7,3,"10YR",4,1,"Jumper",7
"E2",38,74,"10YR",7,3,"10YR",8,1,"Jumper",7
"Bt1",74,84,"10YR",6,3,"7.5YR",5,8,"Jumper",7
"Bt2",84,135,"10YR",6,3,"5YR",5,8,"Jumper",7
"Btv",135,203,"10YR",6,1,"10YR",5,8,"Jumper",7
"A1",0,10,"5YR",2,2,"",,,"Peckish",7
"A2",10,15,"10YR",4,2,"",,,"Peckish",7
"A3",15,23,"5YR",3,2,"",,,"Peckish",7
"2A1",23,30,"10YR",5,1,"",,,"Peckish",7
"2A2",30,64,"10YR",6,1,"",,,"Peckish",7
"2A3",64,91,"10YR",7,1,"10YR",6,2,"Peckish",7
"2Bh",91,109,"10YR",4,2,"10YR",3,2,"Peckish",7
"A",0,12,"10YR",5,2,"10YR",2,2,"Winz",8
"E",12,35,"10YR",6,2,"10YR",4,2,"Winz",8
"EBt",35,75,"10YR",7,2,"10YR",5,2,"Winz",8
"Bt",75,150,"10YR",7,2,"10YR",5,2,"Winz",8
"Ap",0,15,"10YR",4,3,"10YR",3,2,"Millville",8
"A",15,30,"10YR",5,2,"10YR",3,2,"Millville",8
"AC",30,61,"10YR",6,2,"10YR",4,2,"Millville",8
"C1",61,64,"10YR",6,3,"10YR",4,3,"Millville",8
"C2",64,165,"10YR",7,2,"10YR",5,2,"Millville",8
"A",0,10,"10YR",4,3,"10YR",3,3,"Millpaw",8
"Bt1",10,25,"10YR",4,3,"10YR",3,2,"Millpaw",8
"Bt2",25,89,"10YR",4,3,"10YR",3,2,"Millpaw",8
"Bk",89,152,"7.5YR",5,4,"7.5YR",4,4,"Millpaw",8
"A",0,8,"10YR",4,3,"10YR",3,3,"Brobett",8
"Bt",8,20,"10YR",6,3,"10YR",5,4,"Brobett",8
"Bqk1",20,43,"10YR",7,4,"10YR",5,4,"Brobett",8
"Bqk2",43,76,"10YR",7,3,"10YR",6,4,"Brobett",8
"A",0,15,"7.5YR",6,4,"7.5YR",5,4,"Malstrom",8
"Bw",23,48,"7.5YR",5,4,"7.5YR",4,4,"Malstrom",8
"Bk1",48,64,"7.5YR",6,4,"7.5YR",5,4,"Malstrom",8
"Bk2",64,135,"10YR",8,3,"10YR",7,3,"Malstrom",8
"BCk",135,152,"10YR",8,3,"10YR",7,3,"Malstrom",8
"A",0,15,"10YR",5,3,"10YR",4,3,"Ojinaga",8
"Bk",15,30,"10YR",6,3,"10YR",4,3,"Ojinaga",8
"Bkkm1",30,41,"",,,"",,,"Ojinaga",8
"Bkkm2",41,56,"10YR",8,1,"",,,"Ojinaga",8
"BCk1",56,86,"10YR",7,2,"10YR",4,4,"Ojinaga",8
"BCk2",86,124,"10YR",7,2,"10YR",4,4,"Ojinaga",8
"CBk1",124,145,"10YR",7,2,"10YR",4,4,"Ojinaga",8
"CBk2",145,175,"10YR",7,2,"10YR",5,4,"Ojinaga",8
"C",175,203,"10YR",5,3,"10YR",4,3,"Ojinaga",8
"A1",0,3,"10YR",6,2,"10YR",4,2,"Ungene",8
"A2",3,15,"10YR",6,3,"10YR",5,3,"Ungene",8
"Bk1",15,36,"10YR",6,3,"10YR",5,3,"Ungene",8
"Bk2",36,76,"10YR",7,3,"10YR",5,3,"Ungene",8
"C",76,132,"10YR",7,3,"10YR",5,3,"Ungene",8
"Ck",132,152,"10YR",6,4,"10YR",5,4,"Ungene",8
"A1",0,5,"5YR",4,4,"5YR",3,4,"Selevin",8
"A2",5,13,"5YR",4,4,"5YR",3,4,"Selevin",8
"2Bt1",13,33,"2.5YR",3,4,"2.5YR",3,4,"Selevin",8
"2Bt2",33,48,"2.5YR",4,4,"2.5YR",3,4,"Selevin",8
"2Btk",48,58,"2.5YR",4,4,"2.5YR",3,4,"Selevin",8
"3Bk",58,152,"5YR",8,2,"5YR",7,2,"Selevin",8
"A",0,8,"10YR",7,2,"10YR",5,3,"Luap",8
"Bw",8,20,"10YR",7,2,"10YR",5,3,"Luap",8
"Bk1",20,58,"10YR",8,4,"10YR",6,4,"Luap",8
"Bk2",58,94,"",,,"",,,"Luap",8
"3Bkm",94,112,"10YR",8,2,"2.5Y",7,4,"Luap",8
"4Ck",112,155,"",,,"",,,"Luap",8
"A",0,8,"7.5YR",4,3,"7.5YR",3,2,"Wampoo",8
"Bt1",8,13,"5YR",4,3,"5YR",3,2,"Wampoo",8
"Bt2",13,20,"5YR",4,2,"5YR",3,2,"Wampoo",8
"Bt3",20,41,"2.5YR",4,4,"2.5YR",3,4,"Wampoo",8
"Btk1",41,53,"5YR",5,4,"5YR",4,4,"Wampoo",8
"Bqkm",53,56,"7.5YR",7,4,"5YR",4,4,"Wampoo",8
"Bqk",56,71,"7.5YR",8,2,"7.5YR",5,4,"Wampoo",8
"Oi",0,3,"",,,"",,,"Timmercrek",8
"A1",3,10,"10YR",5,2,"10YR",3,2,"Timmercrek",8
"A2",10,33,"10YR",5,3,"10YR",3,3,"Timmercrek",8
"E1",33,56,"10YR",7,2,"10YR",5,2,"Timmercrek",8
"E2",56,89,"10YR",7,2,"10YR",5,2,"Timmercrek",8
"Bt",89,112,"10YR",7,2,"10YR",5,2,"Timmercrek",8
"C",112,152,"10YR",7,1,"10YR",5,1,"Timmercrek",8
"A1",0,5,"7.5YR",5,4,"7.5YR",4,4,"Ordnance",8
"A2",5,10,"7.5YR",6,2,"7.5YR",4,2,"Ordnance",8
"B1",10,18,"5YR",5,3,"5YR",4,3,"Ordnance",8
"2Bt1",18,28,"2.5YR",4,4,"",,,"Ordnance",8
"2Bt2",28,43,"2.5YR",4,4,"",,,"Ordnance",8
"B3Ca",43,69,"2.5YR",4,4,"2.5YR",4,2,"Ordnance",8
"C2",69,84,"5YR",6,2,"",,,"Ordnance",8
"A1",0,5,"10YR",5,3,"10YR",3,3,"Plegomir",8
"A2",5,13,"10YR",6,3,"10YR",5,3,"Plegomir",8
"Bqk",13,33,"10YR",7,4,"10YR",5,4,"Plegomir",8
"Bqkm",33,33,"",,,"",,,"Plegomir",8
"Ap",0,10,"10YR",4,2,"",,,"Tensas",9
"Btg1",10,28,"2.5Y",5,2,"",,,"Tensas",9
"Btg2",28,48,"2.5Y",5,2,"2.5Y",5,1,"Tensas",9
"2Bg1",48,76,"2.5Y",5,2,"2.5Y",5,1,"Tensas",9
"2Bw",76,84,"10YR",5,3,"10YR",5,2,"Tensas",9
"2Bg2",84,107,"2.5Y",5,2,"",,,"Tensas",9
"2Bw2",107,142,"2.5Y",5,3,"",,,"Tensas",9
"2Bw3",142,178,"2.5Y",5,3,"",,,"Tensas",9
"2Bg3",178,193,"5Y",5,1,"",,,"Tensas",9
"2Bg4",193,218,"5Y",5,2,"",,,"Tensas",9
"2BCg",218,226,"5Y",5,2,"",,,"Tensas",9
"A",0,13,"7.5YR",4,4,"7.5YR",3,4,"Quemado",9
"Bt",13,30,"5YR",4,4,"5YR",3,4,"Quemado",9
"Bkkm1",30,61,"7.5YR",8,2,"",,,"Quemado",9
"Bkkm2",61,203,"7.5YR",8,2,"",,,"Quemado",9
"A",0,20,"10YR",4,2,"10YR",3,2,"Catesby",9
"Bk1",20,41,"10YR",5,2,"10YR",4,2,"Catesby",9
"Bk2",41,74,"10YR",6,3,"10YR",4,3,"Catesby",9
"Bk3",74,107,"7.5YR",6,4,"7.5YR",5,4,"Catesby",9
"Bk4",107,140,"7.5YR",7,4,"7.5YR",6,4,"Catesby",9
"Bk5",140,165,"7.5YR",8,3,"7.5YR",7,4,"Catesby",9
"Bk6",165,201,"7.5YR",8,2,"7.5YR",7,4,"Catesby",9
"Ap",0,10,"7.5YR",4,2,"7.5YR",3,2,"Hillco",9
"A1",10,28,"7.5YR",4,2,"7.5YR",3,2,"Hillco",9
"Bca1",28,41,"5YR",4,4,"5YR",3,4,"Hillco",9
"2Bca2",41,64,"5YR",6,6,"5YR",5,6,"Hillco",9
"2Bca3",64,86,"5YR",6,8,"5YR",5,8,"Hillco",9
"2Bca4",86,97,"7.5YR",6,4,"7.5YR",5,4,"Hillco",9
"R",97,127,"",,,"",,,"Hillco",9
"Ap1",0,15,"10YR",4,3,"",,,"Bruin",9
"Ap2",15,28,"10YR",5,3,"2.5YR",6,3,"Bruin",9
"Bw",28,51,"10YR",5,4,"2.5Y",6,3,"Bruin",9
"C1",51,71,"10YR",5,3,"10YR",5,2,"Bruin",9
"C2",71,91,"10YR",5,3,"2.5Y",4,1,"Bruin",9
"C3",91,104,"10YR",5,4,"10YR",5,2,"Bruin",9
"Ab",104,130,"2.5Y",3,2,"2.5Y",3,1,"Bruin",9
"C4",130,145,"10YR",5,3,"10YR",5,6,"Bruin",9
"Ab2",145,168,"2.5Y",4,2,"10YR",2,1,"Bruin",9
"C5",168,180,"2.5Y",5,3,"10YR",5,6,"Bruin",9
"Cg",180,206,"5Y",5,2,"2.5Y",5,4,"Bruin",9
"A",0,15,"10YR",5,2,"10YR",4,2,"Slapout",9
"Bk1",15,38,"10YR",7,2,"10YR",6,3,"Slapout",9
"Bk2",38,66,"7.5YR",7,2,"7.5YR",6,3,"Slapout",9
"Bk3",66,109,"7.5YR",8,2,"7.5YR",6,4,"Slapout",9
"BCk",109,170,"7.5YR",8,3,"7.5YR",6,4,"Slapout",9
"Ck",170,221,"7.5YR",8,3,"7.5YR",7,4,"Slapout",9
"A",0,25,"10YR",2,1,"",,,"Cranell",9
"Bt1",25,56,"10YR",2,1,"",,,"Cranell",9
"Bt2",56,74,"10YR",3,1,"10YR",2,1,"Cranell",9
"Btk",74,109,"10YR",4,2,"10YR",2,1,"Cranell",9
"Bk1",109,147,"10YR",6,3,"10YR",3,1,"Cranell",9
"Bk2",147,203,"2.5Y",7,3,"",,,"Cranell",9
"A1",0,15,"7.5YR",5,3,"7.5YR",4,3,"Voca",9
"A2",15,28,"7.5YR",5,4,"7.5YR",4,4,"Voca",9
"Bt1",28,43,"5YR",5,6,"5YR",4,6,"Voca",9
"Bt2",43,56,"2.5YR",5,8,"2.5YR",4,8,"Voca",9
"Bt3",56,86,"2.5YR",5,8,"2.5YR",4,8,"Voca",9
"BCt",86,203,"10R",4,6,"10R",3,6,"Voca",9
"A",0,25,"10YR",5,2,"10YR",4,2,"Ratliff",9
"Bw",25,64,"7.5YR",6,4,"7.5YR",4,4,"Ratliff",9
"Bk1",64,114,"7.5YR",8,4,"7.5YR",6,4,"Ratliff",9
"Bk2",114,193,"7.5YR",6,6,"7.5YR",5,6,"Ratliff",9
"Bk3",193,203,"7.5YR",7,2,"7.5YR",6,2,"Ratliff",9
"A1",0,20,"10YR",4,3,"",,,"Vesey",9
"A2",20,61,"10YR",5,4,"",,,"Vesey",9
"2Bt1",61,107,"5YR",4,6,"",,,"Vesey",9
"2Bt2",107,132,"5YR",5,8,"",,,"Vesey",9
"2Bt3",132,150,"7.5YR",6,6,"10YR",6,1,"Vesey",9
"3B",150,173,"10R",4,8,"10YR",6,4,"Vesey",9
"Ap",0,15,"10YR",4,2,"10YR",5,3,"Otanya",9
"E",15,30,"10YR",6,4,"10YR",5,3,"Otanya",9
"EB",30,48,"10YR",6,4,"10YR",6,6,"Otanya",9
"Bt",48,71,"10YR",6,6,"10YR",6,4,"Otanya",9
"Btc1",71,109,"10YR",6,8,"10YR",6,4,"Otanya",9
"Btc2",109,152,"10YR",6,8,"10YR",6,4,"Otanya",9
"2Bt1",152,198,"10YR",6,8,"",,,"Otanya",9
"2Bt2",198,279,"10YR",6,6,"10YR",6,3,"Otanya",9
"2Bt3",279,320,"10YR",6,6,"10YR",6,3,"Otanya",9
"A1",0,20,"10YR",4,2,"10YR",3,2,"Zorra",9
"Ccam",20,30,"10YR",8,2,"",,,"Zorra",9
"Rcca",30,38,"",,,"",,,"Zorra",9
"R",38,51,"",,,"",,,"Zorra",9
"A1",0,20,"10YR",5,2,"10YR",3,2,"Warda",9
"A2",20,38,"10YR",4,2,"10YR",3,2,"Warda",9
"Bt1",38,66,"10YR",4,2,"10YR",3,2,"Warda",9
"Bt2",66,79,"10YR",3,2,"10YR",3,1,"Warda",9
"Bt3",79,97,"10YR",3,2,"10YR",3,1,"Warda",9
"Bt4",97,122,"10YR",4,2,"5YR",3,2,"Warda",9
"Bt5",122,142,"10YR",4,2,"10YR",3,2,"Warda",9
"BC1",142,163,"10YR",4,2,"10YR",3,2,"Warda",9
"BC2",163,203,"10YR",5,3,"10YR",4,2,"Warda",9
"Ap",0,15,"5YR",4,4,"5YR",3,4,"Highbank",9
"A",15,36,"5YR",4,4,"5YR",3,4,"Highbank",9
"Bw1",36,61,"5YR",5,4,"5YR",4,4,"Highbank",9
"Bw2",61,122,"5YR",4,4,"5YR",3,4,"Highbank",9
"Bw3",122,142,"5YR",4,3,"5YR",3,3,"Highbank",9
"BC",142,157,"5YR",4,3,"5YR",3,3,"Highbank",9
"C",157,203,"5YR",5,6,"5YR",4,4,"Highbank",9
"A",0,10,"10YR",4,2,"10YR",6,2,"Texla",9
"E",10,23,"10YR",6,4,"10YR",4,6,"Texla",9
"Bt1",23,56,"10YR",5,6,"",,,"Texla",9
"Bt2",56,84,"10YR",5,2,"7.5YR",5,6,"Texla",9
"Btss",84,119,"10YR",6,1,"",,,"Texla",9
"Btg",119,203,"10YR",7,1,"",,,"Texla",9
"A1",0,20,"10YR",5,2,"10YR",4,3,"Henco",9
"A2",20,38,"10YR",6,3,"",,,"Henco",9
"2Ag",38,112,"2.5Y",7,2,"",,,"Henco",9
"B",112,157,"10YR",7,1,"",,,"Henco",9
"Cg",157,183,"10YR",7,1,"",,,"Henco",9
"A1",0,10,"10YR",4,3,"10YR",3,3,"Winedale",9
"A2",10,18,"10YR",5,3,"10YR",4,2,"Winedale",9
"2Bt",18,36,"5YR",4,6,"2.5YR",3,4,"Winedale",9
"2Btss",36,58,"7.5YR",5,4,"5YR",4,3,"Winedale",9
"2BCtss",58,94,"10YR",6,4,"10YR",5,3,"Winedale",9
"2C1",94,130,"10YR",6,4,"10YR",5,3,"Winedale",9
"2C2",130,157,"10YR",7,3,"10YR",5,4,"Winedale",9
"A",0,30,"10YR",5,2,"10YR",3,2,"Doolin",9
"Btn1",30,51,"7.5YR",4,2,"7.5YR",3,2,"Doolin",9
"Btn2",51,81,"10YR",4,3,"10YR",3,3,"Doolin",9
"2Btn3",81,122,"7.5YR",5,4,"7.5YR",4,4,"Doolin",9
"2Btn4",122,173,"7.5YR",6,8,"7.5YR",5,8,"Doolin",9
"2Cr",173,178,"7.5YR",5,6,"",,,"Doolin",9
"A1",0,20,"10YR",5,2,"10YR",3,2,"Hornsby",9
"E",20,46,"10YR",7,3,"10YR",5,3,"Hornsby",9
"Bt1",46,94,"2.5YR",4,6,"10YR",5,2,"Hornsby",9
"Bt2",94,178,"5YR",6,6,"5YR",5,6,"Hornsby",9
"2C",178,208,"2.5Y",7,2,"2.5Y",6,2,"Hornsby",9
"Oa",0,5,"",,,"",,,"Zandi",10
"E",5,15,"7.5YR",5,2,"10YR",7,1,"Zandi",10
"Bhs",15,18,"7.5YR",3,3,"7.5YR",3,2,"Zandi",10
"Bs",18,30,"7.5YR",4,6,"",,,"Zandi",10
"Bw",30,56,"7.5YR",5,4,"",,,"Zandi",10
"Bt",56,94,"10YR",5,3,"10YR",6,2,"Zandi",10
"C",94,203,"7.5YR",5,4,"7.5YR",4,6,"Zandi",10
"Oa",0,3,"10YR",2,1,"",,,"Neopit",10
"E1",3,10,"10YR",4,2,"10YR",6,3,"Neopit",10
"Bw",10,30,"10YR",4,4,"",,,"Neopit",10
"E2",30,38,"10YR",5,3,"10YR",7,3,"Neopit",10
"B1",38,51,"10YR",5,3,"10YR",7,3,"Neopit",10
"B2",51,66,"7.5YR",4,4,"10YR",7,3,"Neopit",10
"B3",66,91,"7.5YR",4,4,"7.5YR",5,3,"Neopit",10
"B4",91,170,"10YR",4,4,"10YR",5,3,"Neopit",10
"C",170,203,"10YR",4,3,"",,,"Neopit",10
"Oa",0,3,"10YR",2,1,"",,,"Oldman",10
"A",3,10,"5YR",2,1,"5YR",4,1,"Oldman",10
"E",10,13,"5YR",5,2,"",,,"Oldman",10
"Bhs1",13,20,"5YR",2,2,"",,,"Oldman",10
"Bhs2",20,33,"5YR",2,2,"",,,"Oldman",10
"Bs",33,48,"7.5YR",4,6,"",,,"Oldman",10
"B1",48,66,"5YR",4,4,"5YR",4,4,"Oldman",10
"Bx",66,117,"5YR",6,2,"2.5YR",5,4,"Oldman",10
"B2",117,152,"5YR",6,2,"2.5YR",5,4,"Oldman",10
"A",0,16,"10YR",3,2,"19YR",5,2,"Guida",10
"Bw1",16,37,"10YR",4,3,"",,,"Guida",10
"Bw2",37,75,"10YR",5,4,"10YR",5,6,"Guida",10
"Bw2",75,104,"10YR",5,4,"10YR",5,6,"Guida",10
"Bw3",104,144,"10YR",6,3,"10YR",4,4,"Guida",10
"C",144,203,"10YR",6,3,"7.5YR",5,6,"Guida",10
"A",0,8,"10YR",2,1,"10YR",3,1,"Grettum",10
"Bw1",8,36,"7.5YR",4,4,"",,,"Grettum",10
"Bw2",36,81,"10YR",5,4,"",,,"Grettum",10
"Bt1",81,109,"7.5YR",5,4,"7.5YR",6,4,"Grettum",10
"Bt2",109,191,"7.5YR",5,4,"7.5YR",6,4,"Grettum",10
"C",191,343,"7.5YR",5,4,"7.5YR",5,8,"Grettum",10
"A",0,5,"5YR",2,1,"5YR",4,1,"Graveraet",10
"Bhs",5,20,"5YR",3,2,"",,,"Graveraet",10
"Bs1",20,41,"5YR",3,4,"",,,"Graveraet",10
"Bs2",41,52,"5YR",4,4,"",,,"Graveraet",10
"E",52,81,"5YR",6,4,"5YR",5,6,"Graveraet",10
"Bx",81,99,"2.5YR",4,4,"5YR",4,4,"Graveraet",10
"C",99,152,"5YR",4,3,"",,,"Graveraet",10
"Oe",0,3,"",,,"",,,"Dillingham",10
"E",3,20,"7.5YR",5,3,"7.5YR",7,2,"Dillingham",10
"Bhs",20,28,"7.5YR",3,3,"",,,"Dillingham",10
"Bs",28,53,"7.5YR",3,4,"",,,"Dillingham",10
"Bx",53,79,"5YR",6,3,"7.5YR",6,2,"Dillingham",10
"C",79,203,"5YR",5,4,"5YR",6,2,"Dillingham",10
"Ap",0,18,"10YR",3,2,"10YR",6,2,"Eagleview",10
"E",18,41,"10YR",5,3,"10YR",6,2,"Eagleview",10
"Bw",41,58,"10YR",5,4,"",,,"Eagleview",10
"Bt1",58,84,"10YR",4,6,"10YR",4,4,"Eagleview",10
"Bt2",84,94,"10YR",5,4,"10YR",4,4,"Eagleview",10
"C",94,203,"10YR",6,3,"",,,"Eagleview",10
"Ap",0,20,"10YR",3,2,"",,,"Dryburg",10
"A2",20,23,"10YR",5,2,"",,,"Dryburg",10
"2Bir",23,46,"5YR",3,4,"",,,"Dryburg",10
"2B",46,61,"2.5YR",4,4,"5YR",6,3,"Dryburg",10
"2C",61,152,"2.5YR",4,4,"5YR",8,1,"Dryburg",10
"Ap",0,23,"10YR",3,2,"10YR",5,2,"Drammen",10
"Bw1",23,38,"10YR",4,4,"",,,"Drammen",10
"Bw2",38,53,"10YR",5,4,"",,,"Drammen",10
"Bw3",53,112,"10YR",6,4,"",,,"Drammen",10
"E",112,165,"10YR",5,4,"7.5YR",4,4,"Drammen",10
"C",165,183,"10YR",5,6,"",,,"Drammen",10
"Ap",0,23,"10YR",3,2,"10YR",5,2,"Windward",10
"Bw1",23,43,"10YR",4,3,"",,,"Windward",10
"Bw2",43,76,"10YR",4,4,"",,,"Windward",10
"Bt",76,117,"10YR",5,6,"7.5YR",4,6,"Windward",10
"C",117,203,"10YR",4,6,"",,,"Windward",10
"A",0,3,"5YR",2.5,1,"",,,"Schweitzer",10
"E",3,13,"5YR",5,2,"5YR",6,2,"Schweitzer",10
"Bhs",13,20,"5YR",3,3,"",,,"Schweitzer",10
"Bs1",20,38,"5YR",3,4,"",,,"Schweitzer",10
"Bs2",38,53,"7.5YR",4,4,"",,,"Schweitzer",10
"2Bx1",53,69,"5YR",4,3,"5YR",6,3,"Schweitzer",10
"2Bx2",69,109,"2.5YR",4,4,"2.5YR",4,4,"Schweitzer",10
"2B3",109,155,"2.5YR",4,4,"2.5YR",4,4,"Schweitzer",10
"2C",155,203,"2.5YR",4,4,"",,,"Schweitzer",10
"Ap",0,64,"10YR",2,1,"10YR",3,1,"Coriff",10
"A",25,46,"10YR",3,1,"10YR",4,1,"Coriff",10
"Bg1",46,61,"2.5Y",5,2,"2.5Y",5,4,"Coriff",10
"Bg2",61,84,"2.5Y",6,2,"10YR",5,4,"Coriff",10
"2Cg",84,152,"2.5Y",5,2,"10YR",5,4,"Coriff",10
"Oe",0,5,"5YR",2,1,"",,,"Stueben",10
"E",5,20,"5YR",5,2,"",,,"Stueben",10
"Bh",20,28,"5YR",2,2,"",,,"Stueben",10
"Bhs",28,41,"5YR",3,3,"",,,"Stueben",10
"Bs",41,53,"7.5YR",4,4,"",,,"Stueben",10
"B",53,102,"2.5YR",4,4,"5YR",6,2,"Stueben",10
"2E",102,114,"7.5YR",6,4,"7.5YR",8,4,"Stueben",10
"2C2",114,203,"7.5YR",5,4,"",,,"Stueben",10
"Ap",0,15,"2.5Y",5,2,"2.5Y",4,2,"Cargill",10
"B2",15,33,"10YR",6,3,"10YR",4,3,"Cargill",10
"B3ca",33,43,"10YR",6,3,"10YR",4,3,"Cargill",10
"Cca",43,64,"2.5Y",7,2,"2.5Y",5,4,"Cargill",10
"2Cca",64,76,"2.5Y",7,4,"2.5Y",5,4,"Cargill",10
"2Cr3",76,127,"2.5Y",6,2,"2.5Y",4,2,"Cargill",10
"Oa",0,3,"5YR",2.5,1,"",,,"Tula",10
"A",3,13,"5YR",4,2,"10YR",6,2,"Tula",10
"E",13,20,"5YR",7,1,"5YR",8,1,"Tula",10
"Bs1",20,51,"5YR",4,4,"5YR",5,8,"Tula",10
"Bs2",51,71,"5YR",4,4,"5YR",5,8,"Tula",10
"2E",71,94,"5YR",6,3,"5YR",7,2,"Tula",10
"2Ex",94,157,"2.5YR",3,4,"5YR",5,4,"Tula",10
"2C",157,203,"2.5YR",4,4,"",,,"Tula",10
"Oe",0,8,"",,,"",,,"Manido",10
"E",8,23,"7.5YR",6,2,"",,,"Manido",10
"Bhs",23,28,"2.5YR",2.5,1,"",,,"Manido",10
"Bs",28,43,"5YR",3,4,"",,,"Manido",10
"Bw",43,94,"7.5YR",5,6,"",,,"Manido",10
"Bt",94,152,"7.5YR",6,2,"7.5YR",4,4,"Manido",10
"C",152,203,"7.5YR",5,4,"7.5YR",4,6,"Manido",10
"Oe",0,3,"7.5YR",3,2,"",,,"Bodi",10
"E",3,10,"7.5YR",5,2,"7.5YR",6,1,"Bodi",10
"Bhs",10,13,"7.5YR",3,2,"",,,"Bodi",10
"Bs1",13,30,"7.5YR",4,4,"",,,"Bodi",10
"Bs2",30,43,"7.5YR",4,6,"",,,"Bodi",10
"2Bs",43,61,"7.5YR",4,6,"7.5YR",5,6,"Bodi",10
"3E",61,76,"7.5YR",5,3,"7.5YR",6,2,"Bodi",10
"3Bx",76,112,"5YR",5,4,"5YR",5,3,"Bodi",10
"3Cd",112,203,"5YR",5,4,"",,,"Bodi",10
"Oa",0,2,"10YR",3,2,"10YR",2,1,"Mccooley",10
"A1",2,10,"7.5YR",3,2,"7.5YR",5,2,"Mccooley",10
"A2",10,31,"7.5YR",3,2,"7.5YR",5,3,"Mccooley",10
"E1",31,65,"7.5YR",5,4,"7.5YR",5,3,"Mccooley",10
"E2",65,97,"5YR",5,6,"5YR",7,4,"Mccooley",10
"Bt1",97,154,"5YR",6,6,"5YR",7,4,"Mccooley",10
"Bt2",154,190,"5YR",6,6,"5YR",7,4,"Mccooley",10
"Cr",190,200,"7.5Yr",6,4,"",,,"Mccooley",10
"Oa",0,3,"5YR",2.5,1,"",,,"Lac La Belle",10
"E",3,13,"5YR",5,2,"5YR",6,2,"Lac La Belle",10
"Bhs",13,30,"5YR",3,3,"",,,"Lac La Belle",10
"Bs1",30,48,"5YR",3,4,"",,,"Lac La Belle",10
"Bs2",48,91,"7.5YR",4,4,"",,,"Lac La Belle",10
"2B",91,107,"7.5YR",4,3,"7.5YR",5,2,"Lac La Belle",10
"2Btx",107,127,"5YR",4,4,"7.5YR",4,6,"Lac La Belle",10
"2Bx",127,157,"5YR",4,4,"7.5YR",4,3,"Lac La Belle",10
"2C",157,203,"5YR",4,4,"",,,"Lac La Belle",10
"A",0,8,"10YR",2,1,"10YR",4,1,"Melrude",10
"E",8,15,"10YR",4,2,"10YR",6,2,"Melrude",10
"Bw1",15,51,"10YR",4,3,"10YR",5,6,"Melrude",10
"Bw2",51,76,"10YR",4,4,"7.5YR",5,6,"Melrude",10
"Bw3",76,97,"10YR",5,3,"10YR",5,2,"Melrude",10
"Bw4",97,117,"10YR",5,3,"10YR",5,6,"Melrude",10
"Bw5",117,157,"7.5YR",5,4,"",,,"Melrude",10
"2BC",157,185,"7.5YR",5,3,"7.5YR",5,6,"Melrude",10
"2C",185,203,"10YR",5,3,"10YR",6,2,"Melrude",10
"A",0,5,"10YR",3,1,"10YR",5,2,"Biwabik",10
"Bw",5,23,"10YR",5,6,"",,,"Biwabik",10
"E",23,81,"10YR",5,4,"",,,"Biwabik",10
"Bt",81,163,"10YR",5,4,"",,,"Biwabik",10
"C",163,203,"10YR",5,6,"",,,"Biwabik",10
"Oa",0,5,"10YR",2,1,"",,,"Velvet",10
"E",5,8,"10YR",5,2,"",,,"Velvet",10
"Bs1",8,33,"7.5YR",3,4,"",,,"Velvet",10
"Bs2",33,41,"7.5YR",5,6,"",,,"Velvet",10
"2Be",41,104,"10YR",5,2,"2.5YR",4,4,"Velvet",10
"2C",104,152,"10YR",5,3,"",,,"Velvet",10
"Oa",0,5,"7.5YR",2.5,1,"",,,"Montreal",10
"E",5,15,"7.5YR",5,2,"7.5YR",7,2,"Montreal",10
"Bhs",15,28,"7.5YR",3,3,"",,,"Montreal",10
"Bs",28,51,"7.5YR",3,4,"7.5YR",4,4,"Montreal",10
"E",51,84,"7.5YR",5,3,"5YR",4,4,"Montreal",10
"Bx1",84,130,"5YR",4,4,"5YR",5,3,"Montreal",10
"B2",130,203,"7.5YR",6,3,"5YR",7,2,"Montreal",10
"Oe",0,5,"",,,"",,,"Hillcity",10
"E",5,15,"10YR",5,2,"10YR",6,2,"Hillcity",10
"Bw",15,43,"10YR",4,3,"",,,"Hillcity",10
"E",43,51,"10YR",6,2,"10YR",7,2,"Hillcity",10
"B1",51,61,"10YR",4,4,"10YR",6,3,"Hillcity",10
"Bt1",61,81,"10YR",4,4,"10YR",4,3,"Hillcity",10
"Bt2",81,109,"10YR",6,3,"10YR",5,4,"Hillcity",10
"2C",109,203,"2.5Y",5,3,"7.5YR",5,8,"Hillcity",10
"Ap",0,20,"10YR",4,3,"10YR",5,2,"Princeton",11
"Bt1",20,28,"7.5YR",5,6,"10YR",7,3,"Princeton",11
"Bt2",28,66,"7.5YR",5,6,"10YR",4,4,"Princeton",11
"Bt3",66,104,"5YR",5,6,"5YR",4,4,"Princeton",11
"E",104,152,"7.5YR",4,4,"7.5YR",5,6,"Princeton",11
"CB",152,203,"7.5YR",5,6,"7.5YR",4,4,"Princeton",11
"Ap1",0,25,"10YR",2,1,"10YR",4,1,"Bryce",11
"Ap2",25,33,"10YR",2,1,"10YR",4,1,"Bryce",11
"Bg",33,48,"10YR",2,1,"10YR",4,1,"Bryce",11
"Btg1",48,61,"2.5Y",4,2,"10YR",4,1,"Bryce",11
"Btg2",61,89,"5YR",5,2,"5YR",4,2,"Bryce",11
"Btg3",89,114,"5YR",5,1,"5YR",4,1,"Bryce",11
"2BCg",114,147,"5YR",5,1,"10YR",8,1,"Bryce",11
"2Cg",147,168,"5YR",5,1,"2.5Y",4,4,"Bryce",11
"Ap",0,25,"10YR",4,2,"10YR",6,2,"Spinks",11
"Bw",25,56,"10YR",5,4,"",,,"Spinks",11
"Bt",56,216,"10YR",6,3,"7.5YR",4,4,"Spinks",11
"C",216,267,"10YR",5,4,"",,,"Spinks",11
"Ap",0,20,"10YR",4,3,"10YR",6,2,"Alvin",11
"BE",20,28,"10YR",4,4,"10YR",5,2,"Alvin",11
"Bt1",28,38,"10YR",4,4,"10YR",4,3,"Alvin",11
"Bt2",38,64,"10YR",4,4,"10YR",4,3,"Alvin",11
"E",61,188,"10YR",5,4,"10YR",4,6,"Alvin",11
"C",188,203,"10YR",4,3,"10YR",5,6,"Alvin",11
"Ap",0,23,"10YR",3,1,"10YR",4,2,"Brooklyn",11
"Eg",23,36,"2.5Y",6,1,"10YR",3,1,"Brooklyn",11
"Btg1",36,51,"2.5Y",6,2,"10YR",4,1,"Brooklyn",11
"Btg2",51,79,"2.5Y",6,1,"",,,"Brooklyn",11
"Btg3",79,102,"2.5Y",6,1,"2.5Y",4,1,"Brooklyn",11
"2Bgt4",102,117,"2.5Y",5,1,"2.5Y",4,1,"Brooklyn",11
"2Bt",117,132,"7.5YR",4,6,"2.5Y",5,1,"Brooklyn",11
"2BCt",132,157,"10YR",5,6,"2.5Y",6,1,"Brooklyn",11
"2C",157,185,"10YR",5,6,"2.5Y",5,1,"Brooklyn",11
"3Cd",185,203,"2.5Y",5,4,"2.5Y",6,2,"Brooklyn",11
"A",0,10,"10YR",4,2,"10YR",6,3,"Hickory",11
"E",10,30,"10YR",6,4,"10YR",7,4,"Hickory",11
"Bt1",30,43,"10YR",5,6,"10YR",4,3,"Hickory",11
"Bt2",43,66,"10YR",4,6,"10YR",5,3,"Hickory",11
"Bt3",66,89,"10YR",5,4,"10YR",4,4,"Hickory",11
"Bt4",89,117,"10YR",5,4,"10YR",4,4,"Hickory",11
"BCt",117,147,"10YR",6,4,"10YR",4,4,"Hickory",11
"CB",147,165,"10YR",5,6,"10YR",4,3,"Hickory",11
"C",165,203,"10YR",5,4,"7.5YR",5,6,"Hickory",11
"Ap",0,20,"10YR",4,2,"10YR",6,2,"Riddles",11
"Bt1",20,33,"7.5YR",4,3,"10YR",4,3,"Riddles",11
"Bt2",33,51,"10YR",4,3,"10YR",4,2,"Riddles",11
"Bt3",51,84,"10YR",4,4,"10YR",4,3,"Riddles",11
"Bt4",84,117,"10YR",4,4,"10YR",4,3,"Riddles",11
"Bt5",117,140,"10YR",4,4,"10YR",4,3,"Riddles",11
"Bt6",140,160,"10YR",4,4,"10YR",4,3,"Riddles",11
"2Bt1",160,178,"10YR",4,3,"10YR",4,3,"Riddles",11
"2Bt2",178,198,"10YR",5,4,"10YR",4,3,"Riddles",11
"2B",198,229,"10YR",4,4,"1-YR",6,4,"Riddles",11
"3Cd",229,254,"10YR",5,4,"",,,"Riddles",11
"Ap",0,8,"2.5Y",3,2,"",,,"Coalvale",11
"C1",8,86,"2.5Y",3,2,"10YR",4,3,"Coalvale",11
"C2",86,117,"10YR",4,4,"10YR",4,1,"Coalvale",11
"C3",117,185,"2.5Y",5,2,"10YR",4,4,"Coalvale",11
"Ap",0,20,"10YR",3,1,"10YR",5,1,"Denny",11
"Eg1",20,36,"10YR",4,2,"10YR",6,2,"Denny",11
"Eg2",36,53,"10YR",5,2,"10YR",7,2,"Denny",11
"Btg1",53,74,"10YR",5,2,"10YR",4,2,"Denny",11
"Btg2",74,97,"10YR",5,2,"1-YR",4,2,"Denny",11
"Btg3",97,117,"2.5Y",6,2,"10YR",4,2,"Denny",11
"Cg",117,152,"2.5Y",6,2,"10YR",3,1,"Denny",11
"Ap",0,25,"10YR",3,3,"10YR",6,2,"Feldhauser",12
"Bw1",25,46,"10YR",4,4,"",,,"Feldhauser",12
"Bw2",46,53,"10YR",5,4,"",,,"Feldhauser",12
"B",53,76,"10YR",4,4,"10YR",5,3,"Feldhauser",12
"Bt",76,99,"10YR",4,4,"7.5YR",4,6,"Feldhauser",12
"2E",99,137,"10YR",6,4,"10YR",6,2,"Feldhauser",12
"2C",137,203,"10YR",5,4,"",,,"Feldhauser",12
"Ap",0,20,"10YR",4,2,"",,,"Galen",12
"Bw1",20,30,"10YR",5,4,"7.5YR",5,4,"Galen",12
"Bw2",30,41,"10YR",6,4,"7.5YR",5,4,"Galen",12
"Bt1",41,71,"10YR",5,3,"10YR",4,3,"Galen",12
"Bt2",71,137,"10YR",5,3,"7.5YR",4,4,"Galen",12
"C",137,178,"10YR",6,3,"10YR",5,6,"Galen",12
"A",0,15,"7.5YR",3,4,"7.5YR",4,2,"Mollineaux",12
"E",15,23,"7.5YR",4,2,"7.5YR",5,3,"Mollineaux",12
"Bs1",23,38,"7.5YR",4,4,"",,,"Mollineaux",12
"Bs2",38,69,"10YR",4,6,"",,,"Mollineaux",12
"Bt",69,97,"7.5YR",6,3,"7.5YR",4,6,"Mollineaux",12
"B",97,163,"5YR",4,3,"7.5YR",6,2,"Mollineaux",12
"Bt2",163,203,"10YR",6,4,"10YR",4,6,"Mollineaux",12
"Oe",0,3,"7.5YR",3,2,"",,,"Lindquist",12
"A",3,5,"10YR",5,1,"",,,"Lindquist",12
"E",5,13,"7.5YR",5,2,"10YR",7,2,"Lindquist",12
"Bs1",13,33,"7.5YR",4,4,"",,,"Lindquist",12
"Bs2",33,56,"7.5YR",4,6,"",,,"Lindquist",12
"Bs3",56,86,"7.5YR",5,6,"",,,"Lindquist",12
"E",86,99,"10YR",6,4,"10YR",7,4,"Lindquist",12
"Bt",99,196,"10YR",6,4,"10YR",7,4,"Lindquist",12
"C",196,203,"10YR",6,3,"",,,"Lindquist",12
"Ap",0,18,"10YR",4,2,"10YR",6,2,"Montcalm",12
"E",18,23,"10YR",7,2,"10YR",6,2,"Montcalm",12
"Bs",23,38,"7.5YR",4,4,"",,,"Montcalm",12
"E",38,66,"10YR",6,2,"10YR",5,2,"Montcalm",12
"Bt1",66,84,"5YR",4,4,"",,,"Montcalm",12
"Bt2",84,152,"10YR",6,2,"10YR",5,2,"Montcalm",12
"C",152,168,"10YR",6,3,"",,,"Montcalm",12
"Oe",0,3,"10YR",2,1,"",,,"Leicester",12
"A",3,18,"10YR",2,1,"",,,"Leicester",12
"Bg1",18,25,"2.5Y",5,2,"5YR",5,6,"Leicester",12
"Bg2",25,46,"2.5Y",6,2,"10YR",5,6,"Leicester",12
"BC",46,58,"10YR",6,3,"10YR",5,6,"Leicester",12
"C1",58,107,"10YR",4,4,"10YR",5,6,"Leicester",12
"C2",107,165,"10YR",4,4,"10YR",5,6,"Leicester",12
"A",0,5,"5Y",5,2,"5YR",6,2,"Machias",12
"B2",5,15,"5YR",4,4,"7.5YR",5,6,"Machias",12
"Bg",5,51,"10YR",4,4,"10YR",5,6,"Machias",12
"D",51,51,"10YR",3,2,"10YR",4,2,"Machias",12
"A",0,8,"10YR",2,1,"10YR",4,1,"Tacoda",12
"E",8,38,"10YR",7,2,"10YR",8,2,"Tacoda",12
"Bs",38,58,"7.5YR",3,4,"5YR",4,6,"Tacoda",12
"Bw",58,89,"10YR",7,4,"10YR",6,4,"Tacoda",12
"BC",89,114,"1-YR",4,3,"10YR",5,6,"Tacoda",12
"2C1",114,152,"7.5YR",4,2,"",,,"Tacoda",12
"2C2",152,203,"7.5YR",5,2,"",,,"Tacoda",12
"Ap",0,20,"10YR",3,2,"",,,"Coral",12
"E",20,30,"10YR",6,3,"",,,"Coral",12
"Bs",30,56,"7.5YR",4,4,"10YR",5,6,"Coral",12
"E2",56,69,"10YR",6,3,"10YR",5,6,"Coral",12
"Bt",69,122,"10YR",5,3,"10YR",5,6,"Coral",12
"C",122,152,"10YR",5,2,"10YR",5,6,"Coral",12
"Ap",0,20,"10YR",4,2,"10YR",6,2,"Colonie",12
"E1",20,41,"10YR",5,4,"",,,"Colonie",12
"E2",41,71,"10YR",5,4,"",,,"Colonie",12
"Bt1",71,112,"10YR",5,3,"7.5YR",4,4,"Colonie",12
"Bt2",112,160,"7.5YR",5,2,"7.5YR",5,3,"Colonie",12
"C",160,203,"7.5YR",5,2,"7.5YR",5,6,"Colonie",12
"A",0,8,"10YR",3,1,"10YR",6,1,"Hasbrouk",12
"Eg",8,25,"10YR",5,2,"10YR",4,1,"Hasbrouk",12
"BEg",25,36,"7.5YR",6,2,"10YR",5,4,"Hasbrouk",12
"Btg",36,61,"5YR",6,1,"7.5YR",6,6,"Hasbrouk",12
"Bx1",61,107,"5YR",4,4,"7.5YR",5,6,"Hasbrouk",12
"C",107,183,"5YR",4,4,"",,,"Hasbrouk",12
"Ap",,23,"7.5YR",4,2,"",,,"Arkport",12
"BE1",23,38,"7.5YR",5,4,"",,,"Arkport",12
"BE2",38,71,"7.5YR",5,4,"7.5YR",5,2,"Arkport",12
"Bt1",71,114,"5YR",6,3,"5YR",5,4,"Arkport",12
"Bt2",114,147,"5YR",6,3,"5YR",4,4,"Arkport",12
"Bt3",147,234,"5YR",6,2,"5YR",3,4,"Arkport",12
"C",234,269,"5YR",6,2,"",,,"Arkport",12
"Ap",0,18,"10YR",,2,"10YR",6,3,"Nehasne",12
"Bw1",18,46,"10YR",4,4,"",,,"Nehasne",12
"Bw2",46,58,"10YR",4,3,"5YR",4,4,"Nehasne",12
"BC",58,64,"10YR",4,3,"5YR",4,4,"Nehasne",12
"R",64,64,"",,,"",,,"Nehasne",12
"A",0,5,"10YR",2,1,"10YR",4,2,"Klacking",12
"Bw1",5,30,"10YR",5,8,"",,,"Klacking",12
"Bw2",30,61,"10YR",4,6,"",,,"Klacking",12
"Bw3",61,86,"10YR",5,6,"",,,"Klacking",12
"Bt",86,112,"10YR",5,4,"7.5YR",4,6,"Klacking",12
"E",112,203,"7.5YR",4,6,"10YR",6,4,"Klacking",12
"A",0,10,"10YR",3,1,"10YR",6,1,"Deibert",12
"E",10,20,"10YR",5,3,"10YR",7,1,"Deibert",12
"B",20,38,"5YR",4,3,"10YR",3,3,"Deibert",12
"Bt",38,66,"5YR",4,3,"10YR",3,3,"Deibert",12
"C",66,94,"7.5YR",5,4,"",,,"Deibert",12
"2E",94,173,"10YR",5,3,"7.5YR",4,4,"Deibert",12
"3C",173,203,"10YR",6,4,"",,,"Deibert",12
"Oe",0,5,"5YR",2,2,"",,,"Enchanted",12
"Oa",5,15,"2.5YR",6,2,"",,,"Enchanted",12
"E",15,23,"7.5YR",6,2,"",,,"Enchanted",12
"Bhs",23,25,"2.5YR",2,2,"",,,"Enchanted",12
"Bs1",25,36,"2.5YR",3,4,"",,,"Enchanted",12
"Bs2",36,53,"5YR",4,6,"",,,"Enchanted",12
"Bs3",53,79,"10YR",4,4,"",,,"Enchanted",12
"BC",79,107,"2.5Y",4,4,"",,,"Enchanted",12
"C",107,132,"2.5Y",4,2,"",,,"Enchanted",12
"R",132,132,"",,,"",,,"Enchanted",12
"Ap",0,20,"10YR",3,2,"10YR",5,2,"Enosburg",12
"Cg1",20,41,"5Y",5,2,"2.5YR",3,4,"Enosburg",12
"Cg2",41,81,"10YR",5,2,"7.5YR",4,4,"Enosburg",12
"2Cg3",81,165,"2.5Y ",5,4,"",,,"Enosburg",12
"Op",0,23,"10YR",2,1,"",,,"Pavilion",12
"Oa",23,33,"10YR",3,2,"",,,"Pavilion",12
"2Cg1",33,109,"10YR",4,2,"10YR",5,6,"Pavilion",12
"2Cg2",109,137,"10YR",4,2,"10YR",4,4,"Pavilion",12
"2Cg3",137,183,"2.5Y",4,1,"",,,"Pavilion",12
