ac,series,hzname,top,bottom
865029,HOLLAND,Oi,5,6
657523,CIENEBA,O1,0,1
562833,RAZ,Bkqm,30,58
554348,NEUNS,Oi,5,0
512636,DEADWOOD,01,3,4
497262,JOSEPHINE,Oi,5,6
364467,HUGO,Oi,0,3
297029,SHEETIRON,Oi,3,4
288101,COHASSET,0,8,9
249556,MARPA,Oi,3,4
248650,MCCARTHY,0,5,6
211732,SHELD,0,5,6
210484,ZADVAR,Bqkm,28,71
195870,INVILLE,01,0,5
190543,URMAFOT,2Bqkm1,36,66
188944,MARIPOSA,0,3,0
186456,GERLE,O1,5,6
173678,LINNE,C2r,91,130
173678,LINNE,AC,74,81
173678,LINNE,Clca,81,91
172489,BOOMER,Oi,5,0
170412,ARBIDGE,3C,102,165
169676,WACA,0i,0,5
167558,SHERIDAN,C2,109,145
165160,WOODSEYE,Oi,3,4
162871,CAGWIN,Oi,0,3
162547,HANDPAH,Bqkm1,48,56
162547,HANDPAH,Bqkm2,56,152
161230,SITES,0i,8,0
160162,RINCON,Ap,,10
159257,CHAWANAKEE,0,0,1
156699,SAN BENITO,C2,122,152
148455,HOPLAND,C,79,200
131973,LAS POSAS,B21t,30,43
131973,LAS POSAS,B22t,43,69
130838,JAYAR,Oi,3,4
123180,DUBAKELLA,C,53,64
123180,DUBAKELLA,Oi,5,6
120803,PEEKO,Bqkm,28,91
114971,SUR,01,5,6
114313,TURBA,Oi,0,1
111826,HACKWOOD,Oi,0,3
111638,ATRING,Oi,5,6
108693,CANISROCKS,Oe,0,3
108693,CANISROCKS,Oi,0,0
107988,FRESNO,A3,10,30
102946,CLEAVER,Bqkm,28,51
101896,BUFFARAN,Bqkm1,41,60
101204,PINEVAL,Bqk2,53,152
99583,ORNBAUN,Oi,1,2
94602,SANHEDRIN,0i,0,5
94602,SANHEDRIN,Ct,114,200
94468,CASABONNE,Oi,0,2
94468,CASABONNE,Ct,127,200
89897,ZENI,Oi,3,4
85921,TALLAC,0i,0,3
79954,MCNULL,0,3,4
77699,TOEM,O,0,3
77470,DAULTON,B2,5,36
77392,AGUA DULCE,C2,102,122
77152,DINUBA,B2,46,71
76538,PARISA,2Bqkm,66,119
76416,WOHLY,Ct,80,153
73702,MEDCO,2Bw1,30,56
73702,MEDCO,A3,18,30
72706,HURLBUT,0i,5,0
70960,RATTO,2Bkqm,38,48
70571,SATTLEY,Oi,10,0
69621,IRMULCO,0,3,4
69273,KINKEL,O2,3,4
68345,PACIFICO,0,1,2
68206,JOCAL,Oi,5,0
68038,YELLOWHOUND,Oi,3,4
66010,VANNOY,O,2,3
65836,PINEHURST,Oi,3,4
64939,SYCAMORE,C,107,152
63635,NEER,Oi,5,0
62750,YORKTREE,C,130,200
62284,SIRRETTA,Al,,15
62284,SIRRETTA,C2,61,71
62284,SIRRETTA,C1,15,61
62221,ATWATER,A3,30,61
61711,KANID,Oi,3,4
61022,FLOKE,3Bkqm,38,51
60307,SALINAS,A13,33,58
60307,SALINAS,Ap2,13,33
59627,PORTERVILLE,A11,0,20
58761,CARIS,Oi,3,4
58748,KISTIRN,O,8,0
58499,DUZEL,A12,10,20
58499,DUZEL,All,,10
57613,JUNIPERO,01,5,6
56767,KINDIG,Oi,5,6
56590,TUSCAN,C2m,46,47
56225,NEURALIA,3Ck3,140,152
54342,ISTER,O,0,2
54171,PACHAPPA,C,114,152
53208,PLACENTIA,B23tca,74,91
53208,PLACENTIA,B21t,33,51
52340,KYBURZ,01,5,0
52296,DOME,0,5,0
51750,ACKER,Oi,10,11
51535,HOLOHAN,Oi,0,10
50773,CORBETT,Oi,0,3
50663,JIGGS,02,3,0
48778,WINKEL,Bkm,41,51
48581,GRALIC,Cl,23,74
48581,GRALIC,C2,74,152
48581,GRALIC,Al2,8,23
48581,GRALIC,All,0,8
47396,KEKAWAKA,A1,0,5
47396,KEKAWAKA,A2,5,23
47396,KEKAWAKA,Bt2,46,71
47396,KEKAWAKA,02,5,6
47013,FIDDLETOWN,C,46,114
47013,FIDDLETOWN,A0,3,0
46802,FELTON,0i,3,4
46745,PUU PA,2C4,102,127
46635,FRANKTOWN,Oi,0,1
45936,WAKANSAPA,Oi,0,2
45791,CANNELL,Oi,5,0
45740,JIMMERSON,0i,3,0
44848,FORWARD,01,5,0
44503,SMOKEY,01,3,0
44289,DUMONT,Oi1,5,6
44289,DUMONT,Oi2,3,4
43522,HAYPRESS,Oi,0,8
42936,TULANA,A,20,58
42715,ACKETT,3Bkq,71,127
42533,ROCKLIN,BCq,71,152
42529,POLLARD,Oi,5,6
42464,TOADLAKE,O1,3,0
42360,JORGE,0i,0,4
42169,KEKAKE,Oa,0,13
41777,AVIS,O2,8,9
41319,MILLSAP,B22t,79,99
41303,CATLOW,2Ck,79,152
39980,MISAD,4Cq,109,152
39514,SCARFACE,Oi,5,0
39475,SHORTYORK,C,71,200
39361,BANCAS,01,1,0
39077,POHAKULEHU,2C3,68,132
39077,POHAKULEHU,Bw2/2C2,24,68
38476,ZAPA,2Bkqm,64,107
38454,CHILAO,C2r,46,61
38402,THACKER,2C2,109,152
38217,MUSICK,Oi,8,0
37988,CASTAIC,C2,91,102
37343,TYSON,Oi,3,4
37223,HESSING,3Ck,76,152
36720,BURROIN,Oi,0,4
36454,CALGRO,0,64,65
35571,SLIDYMTN,Oi,0,1
35350,FLUE,2Bqkm,89,102
34901,GLACIERPOINT,Oe,3,3
34901,GLACIERPOINT,Oi,0,3
34848,LYONSVILLE,01,8,3
34848,LYONSVILLE,C2,84,91
34848,LYONSVILLE,02,3,0
34739,LETTIA,Oi,1,2
34600,KIBESILLAH,Oi,1,2
34529,FUGAWEE,Oi,0,5
34476,UMPA,0i,0,5
34475,DEHAVEN,Oi,5,6
34158,LAPON,Bqkm,25,51
34031,ZINEB,2Bk2,69,173
32878,TALLOWBOX,O,3,4
32744,BEARWALLOW,C,89,200
32652,EDEMAPS,2Bkqm,64,76
32425,JAYEL,0i,0,2
32376,MERCED,IIIC3,150,190
32268,PONTO,Oi,3,4
31842,OPIHIKAO,Oa,0,8
31429,COTHARIN,Oe,0,3
31409,REDWOHLY,C,70,180
31383,ISHI PISHI,01,3,0
31031,THREESEE,3C,137,152
31031,THREESEE,3Bkq2,117,137
30574,DROVAL,C,155,156
30403,NORLING,Oi,5,6
30206,ACTI,Oi,0,2
30202,BAMTUSH,Oi,3,4
30180,LOVENESS,Oi,3,0
29771,KUCK,B21t,15,20
29771,KUCK,A12,8,15
29771,KUCK,All,,8
29771,KUCK,B22t,20,28
29771,KUCK,B23t,28,51
29771,KUCK,B3t,51,81
29767,WALNETT,0i,0,2
29288,HANGROCK,Bqkm,61,152
29288,HANGROCK,Bqm,43,61
28827,REVIT,Oi,5,6
28822,TINKER,0,3,4
28773,SHASTA,Oi1,10,3
28773,SHASTA,Oi2,3,0
28508,JOECUT,Oi,0,3
28394,TRAMWAY,Oi,5,6
28230,MUIRAL,Oe,3,8
28230,MUIRAL,Oi,0,3
27299,KEYES,2C,76,152
27248,HOTEL,0,5,6
26939,IDWAY,2Cqk,69,152
26870,OMNI,IIIACb3g,122,152
26801,CRAFTON,02,1,2
26738,MAWAE,2C2,13,102
26738,MAWAE,Oa/2C1,0,13
25597,DARKWOODS,Oi,0,4
25474,SKYMOR,0i,3,4
25430,WIREGRASS,Oi,0,3
25425,VANDAMME,0i,3,4
25270,SURNUF,Oi,3,0
24936,HOLLOWTREE,Oi,0,5
24701,ALTHOUSE,0i,3,4
24650,RAMELLI,Bg2,36,46
24650,RAMELLI,Bg1,18,36
24642,ORAGRAN,0i,0,2
24504,TUSTELL,2Ckq,76,150
24313,HOTAW,Oi,3,4
24073,INPENDENCE,Oi,0,5
24073,INPENDENCE,Oe,5,10
24039,OUTLAND,Oi,8,9
23934,PUHIMAU,Bw,8,14
23934,PUHIMAU,A,0,8
23711,TAHOMA,Oi,0,8
23618,PUNA,2C2/Oa2,8,33
23618,PUNA,2C4,64,76
23618,PUNA,Oa1/2C1,0,8
23618,PUNA,2C3,33,64
23597,DUNSMUIR,0,1,2
23004,TECTAH,Oi,0,5
22863,CRAZYMULE,Oi,0,0
22829,REDTOP,Oe,0,6
22702,COBOC,O1,3,0
22653,SKYHIGH,Bt3,56,76
22653,SKYHIGH,Bt4,76,97
22653,SKYHIGH,A,,5
22505,PINYONPEAK,Ct,15,20
22455,WHITEHILLS,2Bkqm,69,70
22401,HULLYGULLY,C2,155,180
22301,CHINEN,Oi,1,0
22229,LEDFORD,01,3,4
21719,PERDIN,0i,5,6
20956,OFFENBACHER,O,3,4
20723,HILEA,Oa,0,1
20275,ILLER,02,3,4
20066,STRAIGHT,O2,3,4
20066,STRAIGHT,O1,5,3
20040,OBIE,02,3,0
19534,UPDEGRAFF,0i,3,4
19524,SAID,Oi,0,5
19341,TATOUCHE,O,5,6
19207,GIBSONVILLE,0,8,0
19201,MONTAGUE,IIC3r,91,92
19103,WHITTELL,Oi,0,1
19025,WOODCHOPPER,0i,8,9
18932,NEWPASS,Bqkm,61,66
18751,NOVATO,C3g,102,152
18744,PORTOLA,B21,25,53
18744,PORTOLA,B3,79,99
18744,PORTOLA,B22,53,79
18744,PORTOLA,01,5,6
18744,PORTOLA,A1,0,8
18744,PORTOLA,B1,8,25
18689,CARBERRY,Oi,8,0
18537,MOUSER,Oi,0,5
18375,GOULDER,Oi,3,0
18349,CASSENAI,Oi,0,2
18322,FORBES,O,5,6
18309,KUANENE,Oi,0,2
17910,WHITINGER,Oi,4,0
17739,PARADISO,Oi,0,5
17698,FLEENER,Oi,3,0
17674,CROW HILL,B2,71,79
17674,CROW HILL,All,0,8
17674,CROW HILL,A12,8,46
17674,CROW HILL,A13,46,71
17637,STONEWELL,A,,10
17637,STONEWELL,C2,91,157
17637,STONEWELL,C1,36,91
17637,STONEWELL,AC,10,36
17637,STONEWELL,01,3,0
17360,LOBITOS,01,1,0
17309,TEMESCAL,A12,15,33
17309,TEMESCAL,All,0,15
17309,TEMESCAL,B2,33,43
17291,REDRIVER,0,3,0
17238,BITTERWATER,C3r,152,165
17201,FOMSENG,C2r,46,150
17071,GRASSYCAN,Bqm,30,33
17050,VADAHO,3Bqkm,66,97
17050,VADAHO,Bqkm,46,48
17008,PLASKETT,01,3,0
16829,ROGGER,Oi,5,6
16808,WHITEROBE,C,0,3
16663,WOOLSTALF,Oi,3,0
16659,OSHONE,2Bkq,119,152
16627,HUNTMOUNT,Oi,0,1
16431,LOUIE,C2,81,152
16413,GREYSTOKE,O,5,6
16413,GREYSTOKE,A1,0,8
16362,OAKSIDE,Oe,4,9
16362,OAKSIDE,Oi,0,4
16316,ALCOT,Oi,5,6
16089,TRAILHEAD,Oi,0,2
16041,RIVALIER,Oi,8,0
16033,MALAMA,2C1/Oa,0,8
16033,MALAMA,2C2,8,127
15992,COYATA,O2,3,4
15846,TRIMMER,C,79,102
15839,ZING,Oi,4,5
15728,APTOS,0,3,4
15677,BOHNA,O1,5,6
15624,ROCKYSADDLE,Oi,0,6
15567,DEETZ,IIIC6,135,165
15516,TAMBA,Cg,132,198
15516,TAMBA,A12,13,25
15483,NANIAK,IIC3,127,152
15483,NANIAK,IIC2,61,127
15287,PAPAI,2C2,26,135
15118,OXENDINE,Bqm,25,51
15077,SHARPSHOOTER,Oi,3,4
14897,BETRA,2Bqm,53,107
14811,GOLDEAGLE,2Ck1,84,124
14811,GOLDEAGLE,A,0,8
14811,GOLDEAGLE,2Ck2,124,150
14811,GOLDEAGLE,Bt2,23,64
14811,GOLDEAGLE,Btk,64,84
14811,GOLDEAGLE,Bt1,8,23
14745,BONNEYRIDGE,Oi,0,3
14618,BONSALL,C3,279,305
14591,ATWELL,Oi,0,5
14369,PINOLE,Oi,1,2
14334,GOSCH,Oi,3,0
14259,GRAVECREEK,Oi,3,4
14224,ROCKYGLEN,Oi,0,3
14153,SCOURED,Oi,0,3
14153,SCOURED,2C,43,76
14017,DITCHCAMP,A1,0,18
13917,BUCKING,O1,5,6
13917,BUCKING,C3r,130,142
13903,WOLFPEAK,Oi,1,2
13859,ZALDA,Bqkm,18,20
13848,CHESTERTON,Cm,86,107
13826,UMIKOA,2C,127,128
13798,CATELLI,0,8,9
13675,CAMEEK,Bqm2,61,107
13675,CAMEEK,Bqm1,48,61
13640,DENIHLER,Oi,0,5
13640,DENIHLER,Oe,5,12
13526,WITCHER,Oi,5,0
13472,HOOSIMBIM,Oi,5,0
13447,DAGGET,Oi,0,3
13440,BLUCHER,IIC1,41,58
13425,TWELVEMILE,0i,3,4
13423,DIAMOND SPRINGS,C3,102,127
13420,SPLAWN,Oi,3,0
13400,HAMBONE,Oi,5,0
13272,BOGUS,O2,3,4
13217,CUMMISKEY,0,3,4
13085,MEEKS,01,0,5
12989,HAKUMA,Bw,20,31
12989,HAKUMA,A,0,20
12941,PULANTAT,Oi,3,4
12876,ORLAND,C2,48,99
12805,GASQUET,Oi,0,2
12758,CRANEFLAT,Oe,3,3
12758,CRANEFLAT,Oi,0,3
12758,CRANEFLAT,Oa,3,5
12655,PHIPPS,02,1,2
12652,LOAFERCREEK,Oi,0,1
12594,EASTBIGGS,3Bqm2,86,152
12564,OLLIERIVAS,Bqm,58,79
12542,BUNDORF,2Bqkm,48,69
12533,KILOA,2C2,25,128
12528,SOONAHBE,2C,203,213
12460,LUTA,Oi,1,0
12453,SCAATH,Oe,4,5
12453,SCAATH,Oi,0,4
12417,HOUSEFIELD,Oi,8,9
12412,MOUND,Oi,0,5
12258,FLORAS,0i,0,3
12139,PINNACLES,C2,64,152
12132,HOLILLIPAH,C1,20,81
12132,HOLILLIPAH,C4,119,155
12132,HOLILLIPAH,A,,20
12000,KAPUA,2C3,46,152
11878,SATURDAY,Oi,3,0
11770,GAVEL,0,4,5
11712,FIRMOUNTAIN,C,90,172
11670,PUTT,01,5,6
11595,MOUNTYANA,Oi,0,3
11595,MOUNTYANA,Oe,3,5
11592,PALAPALAI,Ap2,13,29
11592,PALAPALAI,Ap1,0,13
11592,PALAPALAI,Bw2,62,99
11592,PALAPALAI,Bw1,29,62
11565,WINDAGE,Oi,0,5
11464,SCHOTT,Oi,0,5
11440,GUNNEL,Bqkm,46,94
11423,LASCO,Oi,5,0
11289,GLORIA,B2t,41,58
11238,KALO,0,5,0
11187,TOADTOWN,Oe,5,8
11187,TOADTOWN,Oi,0,5
11085,BOSLAND,Oi,0,3
11081,TROSI,2C,66,152
11041,MACKERLAKE,Oi,0,5
11040,SPINNAKER,Oi,0,3
11039,BOOMTOWN,0l,10,8
11039,BOOMTOWN,02,8,0
10932,ASABEAN,0,5,6
10891,BUTANO,A0,5,0
10806,PUAULU,3Bw1,55,61
10806,PUAULU,6A,86,89
10731,BALDMOUNTAIN,C2r,132,133
10731,BALDMOUNTAIN,01,3,0
10698,DULANDY,Oi,0,3
10560,FANCHER,O1,1,0
10550,PITTVILLE,3Bqm,213,214
10526,BRABBLE,2Bkqm,84,97
10526,BRABBLE,2,97,98
10518,SHORTCUT,C2r,36,51
10487,AGER,Bssk1,18,64
10487,AGER,A2,5,18
10455,FERNCREEK,Oi,5,6
10418,BEECEE,Oi,0,1
10418,BEECEE,Oe,1,2
10377,NISENE,0,5,6
10357,MOUNTHOPE,Oi,0,3
10341,DEADMAN,Oi,0,5
10337,SALTOS,O,0,1
10316,MALMESA,Bqkm,38,41
10298,KANG,O,5,0
10237,MAXWELL,A2,25,66
10237,MAXWELL,A1,0,25
10237,MAXWELL,AC,66,97
10228,TYNDALL,B22,61,104
10228,TYNDALL,C2,122,132
10128,POLANDER,0i,3,4
10103,WITEFELS,Oi,0,3
10088,BIGELOW,C3,165,170
10088,BIGELOW,01,3,4
10062,FREEZEOUT,0i,3,0
10056,BURCHELL,A1,0,51
10039,HORSESHOE,0,8,0
10039,HORSESHOE,3C,150,165
10034,ACAMPO,Bqkm1,119,124
9959,TANGAIR,A2,10,61
9889,ALTA,Oi,0,3
9887,ATRAVESADA,Oi,0,1
9807,BADGERPASS,Oi,0,5
9807,HANA,2C,86,152
9746,STOHLMAN,Al,,3
9746,STOHLMAN,Bt2,38,41
9746,STOHLMAN,Btl,18,38
9746,STOHLMAN,A2,3,18
9723,HARTLESS,0,3,4
9675,WELLSED,Bqkm,89,127
9655,BERRYCREEK,Oe,0,2
9655,BERRYCREEK,Oa,2,5
9631,BROWNSCREEK,Oi,3,0
9578,GARCIA,Oi,3,4
9499,SECCA,C,114,145
9481,WINNIBULLI,Oi,5,0
9480,STEINMETZ,Oi,3,4
9375,OSSAGON,Oi,0,10
9339,BEAL,Oi,1,2
9335,JUNIPERLAKE,Oi,0,3
9286,NOTNED,01,8,9
9286,NOTNED,C2,137,157
9283,MARCUSE,B22ca,36,61
9283,MARCUSE,A12,18,23
9283,MARCUSE,A11,0,18
9283,MARCUSE,B3,61,94
9283,MARCUSE,C,94,152
9280,LALAAU,2C2,8,135
9203,RIZ,C2,117,152
9196,MARTEE,Oi,1,0
9086,SHANTOWN,3Ck2,124,152
9051,LAUGENOUR,2C1,51,76
9051,LAUGENOUR,4C3,173,208
8995,HANIPOE,Bw1,20,53
8961,RYER,Bl,25,51
8961,RYER,Al,,25
8961,RYER,IIC,163,213
8905,RAMSHORN,IIC2,38,39
8838,HADSELVILLE,A,,18
8788,PINSPRING,Bt,64,76
8786,SAN SIMEON,02,5,6
8747,STACHER,Oi,8,0
8662,LANGELLAIN,O,1,0
8652,GOOLAWAY,O,5,6
8584,PAHIPA,Oe,0,5
8571,DOUGCITY,Oi,3,0
8567,VANSICKLE,Bqm,33,36
8546,TAKPOCHAO,Oi,0,1
8546,TAKPOCHAO,Al,1,3
8513,SLEEPER,01,3,4
8444,GUDGREY,0,4,5
8437,KAMAOLE,IIC,51,52
8410,JAFA,02,5,6
8386,KIKONI,3C,127,152
8349,SWEEN,All,,10
8349,SWEEN,A12,10,33
8349,SWEEN,C,69,81
8349,SWEEN,B22t,48,69
8342,HONUAPO,Ap,0,48
8323,DECY,01,3,4
8281,CANYONCREEK,A2,10,23
8281,CANYONCREEK,Oi,8,0
8216,HUSE,C,43,51
8216,HUSE,01,3,0
8180,HOOLEHUA,B21,69,124
8152,PARKS,01,5,6
8128,FALERIA,Oi,0,3
8086,AHPAH,Oi,0,5
7886,NEVADAFALLS,Oi,0,0
7878,KAIMU,2C2,38,102
7872,ARKRIGHT,Oi,3,0
7840,PARKFIELD,B2t,36,61
7831,ULHALF,Oi,5,6
7768,BURNEY,Oi,3,0
7749,BUOY,Oi,0,0
7727,SCARIBOU,Oi,5,0
7709,DELLEKER,02,8,0
7703,BARPEAK,Oi,5,0
7674,KETTLEBELLY,Oi,3,0
7666,OROVILLE,3Bqm2,79,152
7666,OROVILLE,3Bqm1,58,79
7655,MINERSVILLE,Oi,5,0
7655,MINERSVILLE,C,76,109
7653,VOLTAIRE,Cq2,74,97
7638,HERMIT,Oi,5,0
7629,PELELIU,01,1,2
7620,SWAINOW,Oi,5,0
7580,PUALI,Oe,0,10
7543,FANTZ,Oi,3,4
7542,RED HILL,O1,5,0
7501,GSCHWEND,Oi,0,3
7495,NASHMEAD,0,3,4
7475,DREWING,BCqk,117,152
7475,DREWING,Bqkm,46,117
7468,KAWAIHAPAI,IIIC2,81,137
7468,KAWAIHAPAI,IIC1,56,81
7427,REDTOUGH,Bqm,33,34
7399,ISLANDBAR,C2,157,183
7399,ISLANDBAR,Oi,0,5
7369,TANGLE,02,3,0
7369,TANGLE,01,5,3
7366,DIPSEA,02,23,24
7342,CENPLAT,Oi,0,0
7341,QUINLIVEN,Oi,13,14
7274,REDCAP,2Bwbl,61,81
7274,REDCAP,2Bwb3,112,152
7274,REDCAP,2Bwb2,81,112
7274,REDCAP,AC,8,61
7227,CASPAR,Bt3,76,152
7227,CASPAR,Oi,3,4
7227,CASPAR,E2,15,30
7189,REDSLUFF,Cq,107,203
7124,UDELOPE,Oi,0,5
7084,POWELLTON,Oe,1,4
7084,POWELLTON,Oi,0,1
6998,SUNNYVALE,Ap,0,15
6998,SUNNYVALE,Alc2,15,36
6998,SUNNYVALE,Clca,36,86
6954,CARLSBAD,Cm,99,127
6954,CARLSBAD,Acn2,8,53
6954,CARLSBAD,C2,79,99
6937,ALAMBIQUE,0,8,0
6899,HAO,A2,4,8
6888,KAMAKOA,C,74,84
6831,DUDGEN,2C3,137,305
6831,DUDGEN,2Bqm,38,48
6809,BUNDORA,Oi,3,0
6801,TULLYCREEK,Oi,0,4
6784,CASTRO,Ap,0,18
6784,CASTRO,A12,18,46
6784,CASTRO,C1ca,46,64
6772,GUBE,Oi,1,0
6720,OMSTOTT,Oi,1,0
6681,ZAKME,01,3,4
6575,ZUMAN,2C4,94,152
6543,NAWT,A,0,13
6519,EDMINSTER,Btk1,10,23
6519,EDMINSTER,E,3,10
6489,CHOCKTOOT,Oi,0,5
6469,MAKAALAE,2C3,102,103
6463,HIRSCHDALE,All,0,5
6460,GOODWIN,O1,8,9
6460,GOODWIN,C2r,140,168
6448,BADGERFLAT,Oi,0,3
6420,FERNPOINT,2Ck,122,152
6387,IGO,Cm,18,19
6307,RUSTLERPEAK,O,3,4
6305,TANDY,2Ck3,102,152
6300,TOCK,2C,91,152
6252,BROWNBEAR,Oi,3,0
6238,LONGBELL,Oi,5,0
6225,KUNIA,Ap2,8,56
6206,SWEETBRIAR,Oi,1,2
6204,DEWPOINT,Oi,0,3
6202,THREECHOP,Oi,3,4
6166,SUISUN,Oe2,46,71
6166,SUISUN,Oel,23,46
6166,SUISUN,Oal,,23
6166,SUISUN,Oe3,71,97
6166,SUISUN,Oe4,97,152
6101,KAALUALU,2C2,61,99
6031,STUTZVILLE,C3sa,18,89
6022,MOPANA,2Bqkm,48,152
6012,COASTWISE,Oi,0,0
6006,DOGMOUNTAIN,Bkqm,53,76
5942,PALOMARIN,O1,5,6
5910,TERRACELAKE,Oi,0,3
5869,FEATHERFALLS,Oi,0,3
5867,CHIMNEYROCK,Oi,3,4
5816,TOPDECK,Oi,0,1
5782,LYDON,Oi,0,1
5782,LYDON,Oe,1,3
5762,WANOMIE,2Cqkm,76,79
5688,HUNGRY,0i,0,4
5679,KEMOO,B23t,147,168
5679,KEMOO,B21t,51,86
5668,GAMBOA,Oi,5,6
5662,KAWENGA,Oe,0,5
5661,PADIGAN,Ap,0,15
5661,PADIGAN,Bkss1,30,64
5661,PADIGAN,A,15,30
5605,OLOMPALI,A12,20,33
5604,HOOKENA,A2/2C2,13,31
5604,HOOKENA,A1/2C1,0,13
5604,HOOKENA,2C5,76,152
5604,HOOKENA,2C3/Bw,31,43
5541,CRYSTALHILL,Oi,0,5
5541,CRYSTALHILL,Cdt,168,169
5496,HOSPITER,Oi,0,4
5484,KAI,Bqkm',165,166
5477,MARTINECK,IIC2,61,152
5476,OBSTRUCTION,Oi,0,10
5462,LORACK,01,5,6
5452,REDBELL,2C,157,178
5433,JUMPOFF,O1,3,4
5428,MOUNTMED,Oi,0,15
5423,ALVISO,2Cg,114,152
5420,PAUMALU,B32,122,178
5419,CRONKHITE,B2t,66,94
5396,GRAVEN,2Bqm,58,74
5296,DEPNER,Oi,5,0
5295,ZUMARIDGE,Oe,0,5
5270,FRENCHMAN,Oi,0,5
5261,MADDEN,01,3,0
5245,EUER,01,5,0
5232,BUTTELAKE,Oi,0,0
5231,HAIKU,Ap2,18,36
5192,FONS,O,5,6
5192,FONS,2C4,127,132
5188,HILDRETH,IIIC3,163,168
5171,FIALE,Oi,0,5
5136,ACADEMY,C,76,77
5115,HAYSPUR,2C,150,213
5092,HARTSMILL,Oi,0,3
5082,DECHEL,2BCg2,102,109
5082,DECHEL,BCg1,61,102
5075,CLARKSLODGE,Oi,0,0
5075,CLARKSLODGE,Oe,0,3
5075,CLARKSLODGE,Oa,3,3
5075,HUIKAU,2C1,54,85
5041,SUPPLYCREEK,2C,99,180
5041,SUPPLYCREEK,Oi,0,2
5030,KEAWAKAPU,IIC,46,47
4983,BEAR CREEK,D,76,77
4979,CENTISSIMA,O,5,6
4979,CENTISSIMA,C3r,84,102
4952,DONEGAN,Oi,0,1
4950,BONEPILE,Oi,0,3
4948,NAKANUI,4Bw2,30,41
4948,SHINNPEAK,2Bkq,56,152
4939,PUUEO,2C3,46,76
4919,KAENA,C2,114,137
4899,NIKAL,Oi,3,0
4891,KANUTCHAN,A3,25,51
4891,RUMBO,B23tsa,53,89
4891,RUMBO,B22t,38,53
4891,RUMBO,Al,0,15
4866,SAPWI,Oe,0,3
4864,CELIO,2Bg2,170,203
4853,VOORHIES,0,3,4
4836,SKY,Oi,0,3
4836,SKY,Oa,3,5
4835,EHEUIKI,A2,9,22
4835,EHEUIKI,3Bw1,66,71
4835,EHEUIKI,3A,58,66
4835,EHEUIKI,2Bw2,48,58
4835,EHEUIKI,A1,0,9
4835,EHEUIKI,2Bw1,38,48
4828,DEVILSCREEK,Oi,0,3
4808,SOUTHPAC,Oi,5,6
4796,HALII,Bo5,79,152
4762,OBSKEL,Oi,0,1
4762,OBSKEL,Oe,1,1
4741,DELPIEDRA,C,30,51
4713,SREDNIC,Bkqm2,69,76
4713,SREDNIC,Bkqm1,64,69
4705,CONE,O1,5,0
4705,KEHOE,C2r,97,122
4705,KEHOE,A13,58,86
4693,TERRABELLA,O,3,4
4692,MCGARVEY,0i,10,8
4692,MCGARVEY,0e,8,0
4690,SHERVAL,Oi,3,4
4636,STEEPSHRUB,Oe,0,1
4594,DUCKHILL,Blt,8,15
4594,DUCKHILL,0l,1,2
4574,WITTENBERG,O1,10,11
4571,SUEREDO,Oi,0,5
4571,SUEREDO,Oe,5,13
4521,MENDOCINO,B3,104,152
4521,MENDOCINO,O1,5,0
4521,MENDOCINO,B22t,76,104
4508,COOLBRITH,B31,66,89
4508,COOLBRITH,B32,89,109
4508,COOLBRITH,B22t,43,66
4508,COOLBRITH,B21t,25,43
4508,COOLBRITH,Ap2,10,25
4493,HALVERT,Bqkm,69,81
4460,VIGNOLO,Bqkm,76,84
4455,SHINGLEMILL,Oi,5,6
4426,COOMBS,IIC,137,147
4413,WHISPERING,01,3,4
4405,HULUA,01,3,4
4404,REDBONE,Oe,3,3
4404,REDBONE,Oi,0,3
4336,TONGVA,Oe,0,5
4331,FANTAIL,Oi,0,5
4315,TRETTEN,O1,1,0
4315,TRETTEN,A12,13,33
4309,CAMPFOUR,O,3,4
4309,WEAVERVILLE,Oi,3,0
4277,CUPPY,2Bqm,74,79
4251,RACE,O1,4,0
4241,MOJO,0,5,0
4233,AHOY,Oe,3,10
4233,AHOY,Oi,0,3
4233,AHOY,3Bss,84,119
4201,KNAPKE,0i,3,4
4191,TUSCCOLL,Oi,0,3
4191,TUSCCOLL,Oe,3,5
4174,FOOTPATH,Oi,0,3
4164,BOTTLEHILL,Oi,0,1
4164,BOTTLEHILL,Oe,1,4
4143,TAMFLAT,0,3,4
4130,TOSSUP,Oi,0,2
4120,SUEY,O,3,4
4118,KULALIO,A2,8,18
4118,KULALIO,A1,0,8
4118,KULALIO,Bw2/2C2,27,41
4093,BEARRUBBLE,Oi,0,8
4070,LOEB,Oi,0,5
4070,TAHAND,Oi,3,4
4063,BIGRIDGE,Oe,0,3
4052,LUMBERLY,0,3,0
4048,GRIFFGULCH,Oi,0,5
4048,GRIFFGULCH,Oe,5,8
4036,REDVINE,ABt,8,20
4035,DANHUNT,Oi,8,0
3980,WOODSPRING,Oi,0,1
3915,MCGINNIS,0,1,2
3877,POPPELLEN,Oi,0,1
3832,TAHOE,Oe,0,8
3813,NELLSPRING,Bqkm1,89,104
3813,NELLSPRING,Bqkm2,104,150
3798,MINDEGO,A1,0,5
3798,MINDEGO,Dr,117,118
3786,ROZARA,Oi,0,2
3782,STARBOARD,Oe,3,10
3782,STARBOARD,Oi,0,3
3771,UMA,IIC,15,140
3769,ASTA,02,5,3
3769,ASTA,01,3,4
3740,LEWISFLAT,Oi,0,8
3684,TANOB,C,71,72
3638,HALLIHAN,0i,5,6
3625,REDSWALE,Bqm,18,19
3616,ROOP,O,5,6
3601,TIONESTA,Oi,8,0
3593,HALAWA,2C2,147,157
3568,RODEO,B22t,74,102
3568,RODEO,B24t,147,190
3568,RODEO,B23t,102,147
3560,CHRISTOPHER,Oi,0,3
3535,CEDARGROVE,0i,3,4
3530,SPINE,Oi,0,3
3525,LITERR,Oi,0,3
3522,BURMAN,2Bqm,74,122
3522,BURMAN,4C,183,203
3512,HALF DOME,Oi,0,8
3477,SCOUTCAMP,Oi,0,3
3473,ROGERVILLE,Oi,0,5
3468,JANILE,Oi,5,0
3458,BRANSCOMB,Oi,0,5
3458,BRANSCOMB,C,132,200
3458,DEMOX,0,3,0
3456,THOMS,A1,0,15
3455,WOLFCUT,Oi,0,3
3426,VALCREEK,Oi,8,0
3422,WELOY,O1,3,4
3393,ERIG,Oi,0,3
3375,BUCKSHOT,Oi,1,2
3372,SIBELIA,Oi/Oe,0,18
3370,ROLOC,0i,0,3
3280,MELODY,Oi,0,3
3262,HUYSINK,01,3,0
3247,THERMALITO,3Bqm,81,152
3233,MCNAB,Oi,1,2
3232,SITKUM,Oi,3,4
3225,VENADO,Bss,33,76
3218,CHINACAMP,Oi,0,3
3216,HANGTOWN,Oi,1,0
3190,OBOSHIP,Oi,0,3
3178,CARIOCA,B2t,76,102
3178,CARIOCA,Al,0,18
3178,CARIOCA,B3t,102,142
3178,CARIOCA,C2r,165,190
3169,HALYARD,Oi,0,5
3167,VICEE,Oi,0,3
3166,OREGONGULCH,Oi,0,3
3163,GIBNEY,Oi,8,9
3158,YAP,O1,5,3
3158,YAP,O2,3,4
3138,SHADOWLAKE,Oi,0,3
3102,POLLASKY,inches,76,77
3080,VITZTHUM,Oi,3,0
3059,ZEUGIRDOR,Oi,5,0
3059,ZEUGIRDOR,C,0,28
3024,IO,2C,76,99
3012,PANTHERCREEK,Cg,171,226
3012,PANTHERCREEK,Oi,0,6
3000,GANSNER,0,5,6
3000,GLEASON,Oi,3,0
2981,PARAGON,O,3,4
2975,MARLA,Oi,0,8
2941,MEDICI,Oi,5,0
2940,DIXMINE,Oi,0,3
2940,DIXMINE,Oe,3,4
2937,JACKMORE,Oa,0,2
2936,BLANKOUT,Oi,3,0
2935,BIGFROG,Bkqm2,81,97
2935,BIGFROG,C,97,152
2935,BIGFROG,Bkqm1,46,81
2917,JABU,0i,0,3
2917,JABU,C,170,185
2911,KOLEKOLE,B23,64,81
2895,NANSEPSEP,Cg,99,150
2870,SIERRAVILLE,B21t,61,122
2870,SIERRAVILLE,2,0,1
2870,SIERRAVILLE,B22t,122,190
2836,MIERUF,0,3,0
2830,LAKETWIN,2C,82,200
2830,LAKETWIN,Oi,0,2
2807,HOURLAND,Oi,0,1
2796,MALA,C2,33,89
2762,EXEL,Bqm2,109,119
2762,EXEL,Al,,13
2730,PHOENIX,Bss2,51,84
2718,MURRIETA,B22t,33,43
2710,MUSTY,O,3,4
2698,KALAE,C,157,170
2688,LOGTRAIN,Oi,0,3
2682,DEVILSHOLE,C,120,155
2672,RANGERTAFT,Oi,0,5
2636,MAREPAS,Oi,0,1
2632,PROVIG,O,3,0
2632,USAL,Bt1,41,58
2632,USAL,Oi,0,5
2632,USAL,C,89,200
2609,HONOLUA,C,147,178
2606,WALKERMINE,Oi,0,3
2603,HALEIWA,C1,66,91
2603,HALEIWA,C3,122,165
2591,KINGRANGE,C,65,200
2589,DELMEXICO,Oi,0,2
2587,LOSTSPRING,AC,5,61
2587,LOSTSPRING,2Bwbl,61,97
2587,LOSTSPRING,A,,5
2577,HAVENSNECK,Oi,5,6
2570,HOBIT,Oi,3,4
2560,KAUPO,IIC2,69,70
2546,DEJONAH,Oi,0,3
2502,STAGPOINT,Oi,0,1
2498,DEWMINE,0,3,4
2494,BARHISKEY,O,3,4
2468,MUDWASH,Oi,0,3
2468,MUDWASH,Oa,3,10
2445,MANU,A,0,8
2445,MANU,4Bw,24,27
2445,MANU,6Bw,42,46
2445,MANU,C1,8,10
2445,MANU,7C4,65,81
2434,HOWLER,C,90,180
2411,POWDERHOUSE,Oi,0,5
2398,TISHTANG,Oi,0,2
2394,CARLAIN,Oi,3,4
2382,MARMOTLAND,Oi,0,0
2380,SMITHNECK,Bt,58,81
2380,SMITHNECK,Ap,,15
2380,SMITHNECK,A2,15,38
2380,SMITHNECK,C,81,122
2380,SMITHNECK,AB,38,58
2380,SMITHNECK,2C,122,152
2378,PAIGE,3Cd,157,158
2378,PAIGE,Oi,0,8
2358,LONGJOHN,Oi,0,3
2354,FALLAGER,3Bqm,18,19
2353,ORSET,Oi,1,2
2345,KEPHART,Oi,8,0
2321,CHUMMY,O1,5,0
2303,PROSPECTPEAK,Oi,0,3
2279,WAFAP,2Bqm,117,118
2257,REINA,Bkqm,46,66
2254,MAC,Oi,0,3
2242,MEDLAKE,0i,3,0
2235,TANTALUS,IIC,74,75
2214,CALLAT,Oi,0,1
2204,WINERTON,Cg,86,152
2167,TREGONING,Oi,5,0
2148,ELAM,Oe,5,0
2144,HOLDON,2C,58,119
2111,THWOOP,Bqkm,64,69
2109,WAFLA,Oi,3,4
2055,SONAHNPIL,Oi,0,3
2053,HARROUN,Bkqm,41,56
2052,SHENANDOAH,A12,15,43
2046,WEBILE,Oap2,23,41
2045,CARRCREEK,Bt2,74,127
2045,CARRCREEK,2Bt3,127,152
2045,CARRCREEK,A,20,30
2045,CARRCREEK,Bt1,30,74
2016,TWINBUTTES,Oi,3,0
1978,WHORLED,Oi,8,9
1970,BEARGULCH,Oi,3,0
1970,BUTTEWASH,Oi,0,3
1961,SOUTHMOUNT,Oi,3,0
1939,CHALONE,Oi,0,3
1932,LOFFTUS,3C,127,152
1931,KNEERIDGE,Oi,0,4
1879,ACROPH,Oi,0,3
1848,TAYLORPEAK,C1,90,120
1848,TAYLORPEAK,C2,120,180
1846,MIASOTUS,Oe,0,3
1840,DARBY,0i,3,4
1813,REINECKE,Oi,5,6
1807,BOSUN,Oe,5,15
1807,BOSUN,Oi,0,5
1785,ROOTCREEK,Oi,0,5
1777,VERJELES,Oi,1,0
1764,HIETANEN,Oi,0,3
1734,SONGSONG,A,0,15
1730,IVERSEN,Oi,3,4
1728,SOMBRERO,3C2,145,170
1703,FORESTAY,Oi,0,5
1696,KOOLAU,01,5,6
1660,RETSONGULCH,Oi,0,3
1646,STONEHILL,Oi,0,3
1646,STONEHILL,Oa,3,13
1642,ARMYDRAIN,Ap,0,18
1640,INKOSR,C1g,46,74
1640,INKOSR,C2g,74,150
1633,VANVOR,Oi,3,0
1602,KITTLESON,0i,8,9
1602,MERBETH,Oi,0,3
1600,BADGERWASH,Oi,0,3
1597,KALOKO,IIC4gsa,109,152
1593,BRAMLET,Oi,0,3
1565,CHUCHUPATE,Oi,0,3
1562,KOKO,IIC,122,123
1552,MAKENA,IIC3,112,113
1539,CABINPINE,Oi,0,5
1529,BIGHILL,0,3,0
1508,ULUPALAKUA,IIC,84,85
1506,TABLEROCK,O,4,5
1486,WEDDERBURN,Oi,0,3
1484,HAPPYISLES,Oi,0,8
1456,COMPTCHE,Oi,3,4
1453,HARECREEK,Oi,5,6
1442,TISHAR,0i,3,4
1438,QUAKING,Oi,3,0
1423,CERPONE,Oe,3,4
1423,CERPONE,Oi,0,3
1410,DITTMAR,Oi,0,3
1404,POLEBAR,B3t,46,53
1402,NOYO,01,5,0
1400,HENDAP,Oi,0,3
1385,BILLSCABIN,Oi,0,5
1372,SHAKERIDGE,Oi,0,5
1369,LANDELSPARK,Oi,0,3
1369,SNOWBRIER,O,3,4
1350,ONEIDAS,Oi,0,3
1347,KINGSIRON,Oi,0,3
1341,SLACREEK,O,1,0
1335,CEEBEE,Oe,3,5
1335,CEEBEE,Oi,0,3
1334,BUNSELMEIER,C4,122,157
1332,DENISON,Bt3,86,114
1330,CHAOS,Oi,0,1
1281,HIGHPEAKS,Oi,0,5
1272,NGERUNGOR,Oe1,0,38
1271,ESPA,Oi,0,7
1270,DEMOGUL,Oi,5,0
1265,ALAONE,C/B,13,47
1265,ALAONE,C,47,195
1265,MCNAIR,Oi,0,8
1238,BURIBURI,O,5,6
1202,KEAAU,B21,38,66
1202,KUSALSLOUGH,Bw,30,53
1198,CARGENT,Oi,3,0
1194,PAPAA,C4,102,103
1178,WATSONLAKE,Oi,0,5
1169,SUNHOFF,Oi,0,3
1158,KILLET,O,5,6
1152,KINGSBEACH,Oi,0,3
1140,SHAKESPEARE,0i,0,3
1139,SMIDALE,Oi,0,3
1131,WATCHABOB,Al,0,13
1131,WATCHABOB,C,66,71
1131,WATCHABOB,A2,13,23
1115,GLENALPINE,Cd,128,150
1100,KAPAPALA,2C,23,33
1088,CRETHERS,Oe,0,5
1088,NEKKEN,O1,3,4
1067,ASHBUTTE,Oi,0,5
1066,GUERIN,Oi,3,4
1055,DEKKAS,Oi,5,0
1052,PENDOLA,0,3,0
1040,CASCADESPRINGS,Oi,0,1
1039,SMOKEHOUSE,Oi,0,4
1036,BIDART,Oa,0,7
1036,BIDART,C,40,43
1024,TRIBOARD,Oi,0,3
1023,TUNITAS,Ap,0,20
1023,TUNITAS,BA,20,46
1018,ASPENLAKE,2Bqm,66,152
1012,GREENWELL,Oi,0,5
1012,GREENWELL,Oe,5,8
1002,ABORIGINE,Oi,0,8
978,FINOL,B1,13,20
954,LOADLINE,Oi,0,0
949,DONTWANNA,Bkqm,66,152
948,STINGER,Oi,0,1
944,PIIHONUA,Bd,71,99
932,BOARDCAMP,Oi,0,3
927,GLENBLAIR,Oi,5,6
917,TIMBERISLAND,Oe,4,8
917,TIMBERISLAND,Oi,0,4
912,NOIO,2C2,10,86
908,PURSER,Bt,5,38
893,THREEFORKS,Oi,3,4
891,UBAJ,Oi,0,1
885,MOOMER,Oi,0,4
859,FISHROCK,0i,3,4
844,DOOLYVILLE,Cg2,55,79
829,DIAMONDPEAK,Oi,0,3
827,SHASTINA,0,10,0
814,GIBWELL,0i,5,6
793,TAFUNA,2C,46,109
781,MT. OLIVE,C2,89,152
777,HAMMERSLEY,Oi,8,9
762,CRAGWASH,Oi,0,5
759,BANADERU,0i,3,0
759,BANADERU,Al,0,3
748,SUMMERTOWN,Oi,0,5
748,SUMMERTOWN,Oa,5,10
737,DEERHILL,Oi,0,3
733,LONGSHORE,Oi,0,3
726,FIRSTSISTER,Oi,0,5
688,KUNUWEIA,B22,61,152
686,SCOTIABLUFFS,Oi,0,6
679,WHITEFACE,2Bt,30,41
679,WHITEFACE,2Bqm,41,58
663,WIGI,Oi,0,2
658,HAA,2Bw3,36,51
658,HAA,2Bw2,25,36
658,HAA,Bw1,18,25
658,HAA,2Bw4,51,64
658,HAA,3Bw,91,109
656,SOUTHCAMP,Oe,3,5
656,SOUTHCAMP,Oi,0,3
582,SCUFFE,Oi,0,5
554,HOUDA,Oi,0,3
549,MACOOL,Oi,0,3
535,KI,4Bw6,97,105
535,KI,4C,105,110
535,KI,5Bw1,110,121
531,RAINGAGE,Cg2,140,150
519,HALEMAUMAU,2C,61,71
517,LAVATOP,Oi,0,1
509,FLUMEWALL,Oi,0,1
508,SNOWLIN,O,0,6
505,DOMPIER,Oi,5,6
489,RUDDER,Oi,0,5
489,RUDDER,Oe,5,10
483,NEEDAVAR,2Bqm,79,102
455,FREELPEAK,C,0,4
426,VONDERGREEN,Oi,0,3
403,ICEETAX,2Bqkm,48,66
377,CAVEROCK,Oi,0,2
377,CAVEROCK,Oe,2,5
359,ZEPHYRCOVE,Oe,6,11
359,ZEPHYRCOVE,Oi,0,6
349,FRIGATE,Oe,0,8
334,FLOATYBOG,A,61,74
294,STARBRIGHT,Oi,0,8
244,BENEDICTO,A,0,10
237,HUFFLING,3Cd,165,166
234,LEIDIG,Oi,0,3
228,GUNWALE,Oe,3,5
228,GUNWALE,Oi,0,3
218,ELCAPITAN,Oi,0,3
197,TIGER CREEK,A0,5,0
194,DESERTMANN,Bkqm,89,99
192,PIRAPEAK,Oi,0,3
192,TALVED,Oi,0,3
158,MENEHUNE,2A,6,7
158,MENEHUNE,Oa,0,5
157,GENOAPEAK,C1,19,40
157,GENOAPEAK,Oi,0,4
157,GENOAPEAK,C2,40,152
57,SENTINEL,Oi,0,3
24,PINNCAMP,Oi,0,5
24,PINNCAMP,Oe,5,10
